date,symbol,open,high,low,close,volume,adj_close
2022-01-03,SYN_A,99.8284,100.5501,97.1593,98.3396,1359086,98.3396
2022-01-04,SYN_A,98.2496,98.3538,94.6505,96.5814,1690056,96.5814
2022-01-05,SYN_A,96.5469,97.9138,96.1041,97.8479,1316338,97.8479
2022-01-06,SYN_A,97.7770,97.8568,97.7019,97.8548,4022497,97.8548
2022-01-07,SYN_A,97.9442,100.5535,97.5950,100.3567,2502734,100.3567
2022-01-10,SYN_A,100.1738,101.1809,99.0049,99.9277,2239265,99.9277
2022-01-11,SYN_A,100.0023,100.0969,98.4737,98.4983,2010547,98.4983
2022-01-12,SYN_A,98.9134,100.4436,98.8753,99.1868,1966244,99.1868
2022-01-13,SYN_A,99.2141,99.8437,98.9819,99.7976,2242239,99.7976
2022-01-14,SYN_A,100.0941,102.8747,99.4702,101.0919,1839222,101.0919
2022-01-17,SYN_A,100.8148,101.5059,100.6376,100.9220,2088517,100.9220
2022-01-18,SYN_A,100.7438,102.4384,99.4285,101.2438,2576031,101.2438
2022-01-19,SYN_A,101.3460,101.5612,100.0519,100.1606,3791558,100.1606
2022-01-20,SYN_A,100.5198,103.4582,99.6306,102.9627,1512168,102.9627
2022-01-21,SYN_A,103.0278,103.5330,102.3576,102.7487,2428614,102.7487
2022-01-24,SYN_A,102.5286,102.5607,101.0404,102.3156,4100560,102.3156
2022-01-25,SYN_A,102.5263,103.7064,102.1050,103.2577,3906913,103.2577
2022-01-26,SYN_A,103.5168,104.0269,103.4555,103.8206,2044739,103.8206
2022-01-27,SYN_A,103.4659,105.2154,102.7979,104.2750,2311064,104.2750
2022-01-28,SYN_A,104.3412,105.8689,101.9181,104.1861,1589476,104.1861
2022-01-31,SYN_A,104.2821,107.4119,103.7495,106.3863,1974309,106.3863
2022-02-01,SYN_A,106.5204,106.9749,106.0702,106.4831,1345831,106.4831
2022-02-02,SYN_A,106.4128,108.4361,104.1883,104.8786,5218450,104.8786
2022-02-03,SYN_A,104.6040,104.6737,103.9276,103.9486,2247852,103.9486
2022-02-04,SYN_A,103.6775,103.8555,103.3544,103.3691,2269772,103.3691
2022-02-07,SYN_A,102.9412,103.0007,102.1930,102.9151,4181843,102.9151
2022-02-08,SYN_A,102.3798,106.9354,101.6844,106.1837,2294877,106.1837
2022-02-09,SYN_A,106.0121,106.6446,105.4748,106.2211,2813192,106.2211
2022-02-10,SYN_A,106.0014,109.4415,105.6505,107.1673,4848981,107.1673
2022-02-11,SYN_A,106.8518,106.8524,106.7121,106.7891,2906888,106.7891
2022-02-14,SYN_A,106.9819,107.8568,105.3719,106.7818,1677210,106.7818
2022-02-15,SYN_A,106.5972,109.5430,104.5856,108.3914,3101019,108.3914
2022-02-16,SYN_A,108.1963,108.2977,107.6051,107.8645,2619333,107.8645
2022-02-17,SYN_A,107.9740,109.1829,107.7452,108.2345,1949250,108.2345
2022-02-18,SYN_A,108.1313,109.4062,106.0580,107.0624,2457726,107.0624
2022-02-21,SYN_A,107.1730,108.8283,107.1724,108.6587,1694226,108.6587
2022-02-22,SYN_A,108.6270,108.8177,106.2778,106.5447,2458585,106.5447
2022-02-23,SYN_A,106.4510,107.1301,103.9223,104.8440,1166157,104.8440
2022-02-24,SYN_A,104.8043,104.9598,102.0244,102.0969,2478127,102.0969
2022-02-25,SYN_A,102.2611,102.2736,101.0751,101.2480,2769585,101.2480
2022-02-28,SYN_A,101.4489,102.1226,100.4060,101.2957,2663760,101.2957
2022-03-01,SYN_A,101.3069,102.6415,101.2502,102.5766,1863724,102.5766
2022-03-02,SYN_A,102.6775,103.7977,101.6227,102.9891,1752356,102.9891
2022-03-03,SYN_A,103.1622,106.1406,103.0391,104.8125,3895229,104.8125
2022-03-04,SYN_A,104.6570,105.4299,104.2848,105.1012,4324295,105.1012
2022-03-07,SYN_A,105.0590,107.3635,105.0154,106.5970,1371111,106.5970
2022-03-08,SYN_A,106.5157,107.7119,106.2756,107.4312,1747946,107.4312
2022-03-09,SYN_A,107.6818,107.7841,105.1187,105.5453,3891103,105.5453
2022-03-10,SYN_A,105.7139,107.0289,104.7870,106.8136,2667283,106.8136
2022-03-11,SYN_A,106.6608,106.7671,105.6430,105.7258,3133190,105.7258
2022-03-14,SYN_A,105.3516,107.0596,105.3225,106.7454,3113257,106.7454
2022-03-15,SYN_A,106.9328,106.9595,105.6911,105.7257,1427036,105.7257
2022-03-16,SYN_A,105.6744,105.8436,104.4177,104.5857,2315116,104.5857
2022-03-17,SYN_A,104.2506,106.1254,103.6350,105.7524,6313549,105.7524
2022-03-18,SYN_A,105.6347,105.9890,102.1091,103.0031,3604781,103.0031
2022-03-21,SYN_A,103.1168,103.3145,101.4589,101.5953,3078885,101.5953
2022-03-22,SYN_A,101.6354,105.8664,101.4740,105.6825,2286309,105.6825
2022-03-23,SYN_A,105.5990,107.6241,105.5397,106.9074,2227640,106.9074
2022-03-24,SYN_A,106.9718,107.4469,106.5275,106.7469,2921168,106.7469
2022-03-25,SYN_A,106.3968,107.5696,106.1476,106.5266,3216169,106.5266
2022-03-28,SYN_A,106.8677,107.6209,106.6756,107.6125,1802647,107.6125
2022-03-29,SYN_A,107.3194,107.5696,103.6448,103.8733,3349887,103.8733
2022-03-30,SYN_A,104.0771,105.0182,103.3964,104.9910,2576060,104.9910
2022-03-31,SYN_A,105.0521,105.4096,104.3337,105.2743,2030769,105.2743
2022-04-01,SYN_A,105.2539,105.3646,104.5459,104.5792,2599557,104.5792
2022-04-04,SYN_A,104.1746,104.5123,104.0979,104.4279,2347474,104.4279
2022-04-05,SYN_A,104.8128,106.1588,104.5605,106.0871,3036522,106.0871
2022-04-06,SYN_A,105.8064,106.0658,103.5748,103.9275,4775008,103.9275
2022-04-07,SYN_A,103.6068,103.9436,102.2581,102.6041,1490841,102.6041
2022-04-08,SYN_A,103.0029,104.7563,99.6374,101.6070,4385403,101.6070
2022-04-11,SYN_A,101.7801,102.4799,101.5170,101.7125,1878209,101.7125
2022-04-12,SYN_A,101.5144,103.7186,101.1724,103.0964,1584183,103.0964
2022-04-13,SYN_A,102.8721,102.9825,102.5730,102.8470,1649874,102.8470
2022-04-14,SYN_A,102.9928,104.2527,102.7478,103.9587,3845783,103.9587
2022-04-15,SYN_A,104.1542,104.4329,102.9831,103.1139,3062337,103.1139
2022-04-18,SYN_A,103.2733,103.3339,102.5359,102.6609,1628504,102.6609
2022-04-19,SYN_A,102.6511,103.5548,102.6311,103.5537,2340271,103.5537
2022-04-20,SYN_A,103.4050,103.4709,101.3487,101.9331,3332400,101.9331
2022-04-21,SYN_A,102.0794,104.3580,101.3724,104.1626,2368293,104.1626
2022-04-22,SYN_A,104.0430,104.3669,103.9961,104.2960,3914677,104.2960
2022-04-25,SYN_A,104.1330,107.0526,103.5139,106.1771,2545660,106.1771
2022-04-26,SYN_A,106.2851,107.6491,106.2227,107.3681,1450876,107.3681
2022-04-27,SYN_A,107.1566,107.4611,106.0107,106.9799,3147614,106.9799
2022-04-28,SYN_A,107.2088,109.1608,106.9267,108.7958,2835311,108.7958
2022-04-29,SYN_A,108.8161,108.9093,107.4774,107.7638,2895196,107.7638
2022-05-02,SYN_A,107.8556,108.9181,106.2855,107.2070,1673591,107.2070
2022-05-03,SYN_A,107.1329,107.2829,106.7765,106.9779,2159439,106.9779
2022-05-04,SYN_A,106.8447,108.7318,106.5963,108.7130,1550044,108.7130
2022-05-05,SYN_A,108.5586,112.5265,108.5222,112.0772,2819205,112.0772
2022-05-06,SYN_A,111.7924,112.2726,109.0387,109.5123,4063261,109.5123
2022-05-09,SYN_A,109.5370,109.8333,109.0722,109.3172,2734877,109.3172
2022-05-10,SYN_A,109.1990,110.4274,108.8554,109.6730,1749048,109.6730
2022-05-11,SYN_A,109.6524,109.6576,109.0876,109.1396,2563388,109.1396
2022-05-12,SYN_A,109.3207,110.5993,108.5913,109.8570,3438971,109.8570
2022-05-13,SYN_A,109.7867,109.8719,106.1186,106.3851,3105236,106.3851
2022-05-16,SYN_A,106.7034,107.9533,104.5429,105.8703,2496492,105.8703
2022-05-17,SYN_A,105.9700,109.3982,105.1035,107.8236,1882256,107.8236
2022-05-18,SYN_A,107.8535,109.0166,107.6322,108.8894,1527250,108.8894
2022-05-19,SYN_A,109.2457,109.2521,107.7737,107.7826,2529310,107.7826
2022-05-20,SYN_A,108.0133,108.3146,107.9977,108.2177,1144228,108.2177
2022-05-23,SYN_A,108.3913,108.4512,104.7331,104.7534,4454193,104.7534
2022-05-24,SYN_A,104.5597,106.8903,103.9814,106.8806,1254147,106.8806
2022-05-25,SYN_A,106.9735,109.1188,106.1793,106.8733,2879294,106.8733
2022-05-26,SYN_A,106.9392,107.1707,106.1228,106.5507,1353205,106.5507
2022-05-27,SYN_A,106.7547,108.1019,104.7292,105.9409,1182121,105.9409
2022-05-30,SYN_A,106.1730,109.2735,106.1053,108.7680,4933184,108.7680
2022-05-31,SYN_A,108.6320,110.1073,108.4042,109.8619,3019420,109.8619
2022-06-01,SYN_A,109.9151,111.3315,109.7859,111.0310,1924601,111.0310
2022-06-02,SYN_A,111.0293,111.1923,108.1891,109.5537,1585315,109.5537
2022-06-03,SYN_A,109.5336,110.0780,108.2010,108.4319,2359466,108.4319
2022-06-06,SYN_A,108.5856,109.2030,104.3539,104.9213,3147264,104.9213
2022-06-07,SYN_A,104.8542,105.6013,104.5726,105.5260,2327387,105.5260
2022-06-08,SYN_A,105.6605,106.0948,105.6314,105.9483,3278967,105.9483
2022-06-09,SYN_A,106.1046,106.1835,104.1936,104.3402,1951661,104.3402
2022-06-10,SYN_A,104.1163,106.5011,103.1529,104.9253,1737395,104.9253
2022-06-13,SYN_A,104.7998,106.0390,103.4476,103.4978,2637158,103.4978
2022-06-14,SYN_A,103.5300,103.8389,102.7953,103.5506,2658719,103.5506
2022-06-15,SYN_A,103.5762,104.3500,103.0705,103.4319,1877258,103.4319
2022-06-16,SYN_A,103.7367,104.3527,101.8760,102.5329,2307990,102.5329
2022-06-17,SYN_A,102.7302,103.2133,100.2945,100.8111,2802453,100.8111
2022-06-20,SYN_A,101.2870,102.8059,99.9839,101.3044,2435075,101.3044
2022-06-21,SYN_A,101.2091,101.6945,100.8541,101.2960,3019448,101.2960
2022-06-22,SYN_A,101.3051,101.8380,100.0938,100.1574,3332265,100.1574
2022-06-23,SYN_A,100.3892,100.5481,99.9085,100.0409,1632594,100.0409
2022-06-24,SYN_A,99.8022,99.8693,99.1525,99.2462,1739210,99.2462
2022-06-27,SYN_A,98.9285,99.3925,96.9586,97.1949,2242685,97.1949
2022-06-28,SYN_A,97.2662,97.7685,96.0964,96.2985,2212751,96.2985
2022-06-29,SYN_A,96.7276,98.0815,96.5120,97.7862,2871398,97.7862
2022-06-30,SYN_A,98.1188,98.4120,98.0020,98.2719,2188846,98.2719
2022-07-01,SYN_A,98.2805,99.3646,96.4457,97.9717,3006433,97.9717
2022-07-04,SYN_A,97.8188,98.6024,97.6733,97.8401,2312050,97.8401
2022-07-05,SYN_A,97.5980,98.4349,97.5241,98.2787,2793420,98.2787
2022-07-06,SYN_A,97.8804,98.5321,97.6042,98.2221,1208062,98.2221
2022-07-07,SYN_A,98.1621,98.5296,97.9470,98.5158,1913849,98.5158
2022-07-08,SYN_A,98.8280,100.4423,97.1944,98.3115,2241338,98.3115
2022-07-11,SYN_A,98.0176,98.0980,97.3902,97.4293,5199775,97.4293
2022-07-12,SYN_A,97.5885,98.1603,97.5294,98.0300,1350879,98.0300
2022-07-13,SYN_A,98.2315,98.9760,97.8818,98.7022,2636458,98.7022
2022-07-14,SYN_A,98.3927,98.8945,97.1446,98.2727,3126991,98.2727
2022-07-15,SYN_A,98.1597,100.5716,97.1203,99.6677,1578787,99.6677
2022-07-18,SYN_A,99.3751,100.6050,97.1829,98.0026,1727393,98.0026
2022-07-19,SYN_A,97.9972,98.1771,97.1203,97.3910,1417837,97.3910
2022-07-20,SYN_A,97.2459,98.1226,97.1419,98.0883,2608827,98.0883
2022-07-21,SYN_A,97.8086,99.4068,97.2104,98.7185,5066274,98.7185
2022-07-22,SYN_A,98.6271,99.0081,98.3983,98.7618,1345979,98.7618
2022-07-25,SYN_A,98.7728,98.7908,93.7740,93.9819,1886863,93.9819
2022-07-26,SYN_A,93.8450,94.4672,91.7030,91.7176,2894563,91.7176
2022-07-27,SYN_A,91.6497,92.6697,90.6147,91.6614,2138951,91.6614
2022-07-28,SYN_A,91.4913,92.4754,88.0056,88.7556,3023322,88.7556
2022-07-29,SYN_A,88.6759,88.8038,88.4542,88.5490,3809924,88.5490
2022-08-01,SYN_A,88.6555,90.4388,87.7595,89.7985,2151051,89.7985
2022-08-02,SYN_A,89.7972,91.2192,89.7747,91.0649,954849,91.0649
2022-08-03,SYN_A,91.0068,91.6954,90.8801,91.0473,1984008,91.0473
2022-08-04,SYN_A,91.2126,92.1902,90.7166,91.8363,3142793,91.8363
2022-08-05,SYN_A,91.8431,91.9600,91.7385,91.8972,2178444,91.8972
2022-08-08,SYN_A,91.8434,92.4225,90.9486,91.6497,1974249,91.6497
2022-08-09,SYN_A,91.5198,92.1542,91.1028,91.3909,3031772,91.3909
2022-08-10,SYN_A,91.5293,93.6626,90.6865,92.8199,2729635,92.8199
2022-08-11,SYN_A,92.4594,92.5360,91.6105,91.8109,2453234,91.8109
2022-08-12,SYN_A,91.8071,93.8856,91.7746,93.4943,1982756,93.4943
2022-08-15,SYN_A,93.2558,93.8461,93.1074,93.5715,1751916,93.5715
2022-08-16,SYN_A,93.3678,94.0534,93.2958,93.3149,3496442,93.3149
2022-08-17,SYN_A,93.0585,95.0876,92.8633,95.0372,3007761,95.0372
2022-08-18,SYN_A,95.2139,95.7364,94.9893,95.5269,1912848,95.5269
2022-08-19,SYN_A,95.3483,95.9402,93.3610,93.6972,2602045,93.6972
2022-08-22,SYN_A,93.6813,94.3513,93.1176,94.2348,4452328,94.2348
2022-08-23,SYN_A,94.5167,95.4107,93.1323,93.9395,2316583,93.9395
2022-08-24,SYN_A,93.9879,94.9958,93.9790,94.9765,2186737,94.9765
2022-08-25,SYN_A,95.0047,96.4400,94.9464,96.3416,3539629,96.3416
2022-08-26,SYN_A,96.1001,96.7987,92.8632,93.1376,2242883,93.1376
2022-08-29,SYN_A,93.2948,93.7748,93.2412,93.7309,1591128,93.7309
2022-08-30,SYN_A,93.6877,95.1367,90.6706,94.5190,1531826,94.5190
2022-08-31,SYN_A,94.6237,95.7590,94.5889,95.7473,2549000,95.7473
2022-09-01,SYN_A,95.9503,96.7177,95.8461,96.0032,1879930,96.0032
2022-09-02,SYN_A,96.1761,96.5453,93.4641,93.5310,2292082,93.5310
2022-09-05,SYN_A,93.2311,93.4707,92.9028,93.4122,2533299,93.4122
2022-09-06,SYN_A,93.3405,94.0741,91.7405,92.8476,4296240,92.8476
2022-09-07,SYN_A,92.8134,94.9845,92.6082,94.7300,2209564,94.7300
2022-09-08,SYN_A,94.7496,94.8009,94.3231,94.3373,2367946,94.3373
2022-09-09,SYN_A,94.2514,95.7297,94.1337,95.2510,1760826,95.2510
2022-09-12,SYN_A,95.3338,95.4135,93.7760,95.1522,2069602,95.1522
2022-09-13,SYN_A,95.0660,95.7739,95.0389,95.2019,4076727,95.2019
2022-09-14,SYN_A,95.3611,95.5243,94.4804,94.8166,2627770,94.8166
2022-09-15,SYN_A,94.7830,94.8601,92.6213,92.7015,2039146,92.7015
2022-09-16,SYN_A,92.9435,94.5423,91.9686,93.6737,2031117,93.6737
2022-09-19,SYN_A,93.4919,94.7172,93.2347,94.4249,2779552,94.4249
2022-09-20,SYN_A,94.3184,94.9388,94.2870,94.6227,3527721,94.6227
2022-09-21,SYN_A,94.9282,95.9923,94.6074,95.8425,2332953,95.8425
2022-09-22,SYN_A,95.8877,96.1334,95.8508,96.1131,1763764,96.1131
2022-09-23,SYN_A,96.0812,98.0614,95.6881,97.6827,2163447,97.6827
2022-09-26,SYN_A,97.8146,98.1061,94.7224,95.1126,1108971,95.1126
2022-09-27,SYN_A,95.3014,95.3516,95.0336,95.0861,1929315,95.0861
2022-09-28,SYN_A,95.3050,95.3089,94.9799,95.0691,2292042,95.0691
2022-09-29,SYN_A,95.1123,95.3300,93.1198,93.1266,2481286,93.1266
2022-09-30,SYN_A,92.9694,93.9452,92.9347,93.7631,2618341,93.7631
2022-10-03,SYN_A,93.7345,94.8752,93.2308,94.6706,4698971,94.6706
2022-10-04,SYN_A,94.5885,95.7208,92.1393,95.1966,1538107,95.1966
2022-10-05,SYN_A,95.2548,95.2645,92.8868,93.0384,3051758,93.0384
2022-10-06,SYN_A,92.7604,96.9382,91.7948,95.0772,4560436,95.0772
2022-10-07,SYN_A,95.2749,95.4349,93.3462,93.8525,1795055,93.8525
2022-10-10,SYN_A,93.8436,94.6808,92.1375,92.8917,2014927,92.8917
2022-10-11,SYN_A,92.6328,92.7826,90.9124,91.0194,1719097,91.0194
2022-10-12,SYN_A,90.8682,90.9256,90.5687,90.5979,1459238,90.5979
2022-10-13,SYN_A,90.5131,90.8745,89.7507,89.9447,3545288,89.9447
2022-10-14,SYN_A,90.2043,90.5128,88.0968,88.5249,2371694,88.5249
2022-10-17,SYN_A,88.6735,88.7997,87.1614,87.1749,4206485,87.1749
2022-10-18,SYN_A,87.2614,88.9264,87.0121,88.1662,2064514,88.1662
2022-10-19,SYN_A,87.9508,87.9617,87.1718,87.1737,1463843,87.1737
2022-10-20,SYN_A,87.2211,88.7492,86.4908,88.1950,1546114,88.1950
2022-10-21,SYN_A,88.2545,91.2311,86.7194,90.6601,2257458,90.6601
2022-10-24,SYN_A,90.7786,91.3161,90.6393,91.1456,1379162,91.1456
2022-10-25,SYN_A,91.1853,92.9934,89.4489,89.7608,2127238,89.7608
2022-10-26,SYN_A,89.9397,90.6641,89.7550,90.5169,2536534,90.5169
2022-10-27,SYN_A,90.5175,92.1127,90.5053,91.6512,2493043,91.6512
2022-10-28,SYN_A,91.6847,92.9115,91.6315,92.6410,1849279,92.6410
2022-10-31,SYN_A,92.7322,93.5099,92.6667,93.0538,2407933,93.0538
2022-11-01,SYN_A,93.2744,95.1724,92.0531,95.0466,2716723,95.0466
2022-11-02,SYN_A,95.1854,96.1792,95.1486,96.1264,2722978,96.1264
2022-11-03,SYN_A,96.4156,97.4570,95.1479,95.8512,1804112,95.8512
2022-11-04,SYN_A,96.0307,98.9359,95.8135,97.1800,2321955,97.1800
2022-11-07,SYN_A,97.1152,99.5897,96.6377,98.0818,1925418,98.0818
2022-11-08,SYN_A,97.8910,99.8526,97.5294,99.0425,1857607,99.0425
2022-11-09,SYN_A,98.9111,99.3068,98.5551,99.2654,3044568,99.2654
2022-11-10,SYN_A,99.3314,99.9746,98.3960,99.8118,1777905,99.8118
2022-11-11,SYN_A,99.9394,100.6351,97.2449,98.1876,2813012,98.1876
2022-11-14,SYN_A,97.9665,99.0552,96.0531,98.2333,1371742,98.2333
2022-11-15,SYN_A,98.1879,99.0791,97.4881,98.2094,2115451,98.2094
2022-11-16,SYN_A,98.4691,98.4775,97.1678,97.1718,2163339,97.1718
2022-11-17,SYN_A,97.4087,97.4136,95.7158,95.7203,2086223,95.7203
2022-11-18,SYN_A,95.2257,95.2345,93.5513,93.8552,3089599,93.8552
2022-11-21,SYN_A,93.9113,95.5553,91.5002,95.0954,3452526,95.0954
2022-11-22,SYN_A,95.0398,97.6019,94.0967,96.9955,3077563,96.9955
2022-11-23,SYN_A,96.8229,97.2729,96.2053,96.7273,1596472,96.7273
2022-11-24,SYN_A,96.6566,99.0058,96.5023,99.0001,3315812,99.0001
2022-11-25,SYN_A,99.0931,99.8194,99.0876,99.3644,3527159,99.3644
2022-11-28,SYN_A,99.0878,99.1332,96.4675,96.5191,1175385,96.5191
2022-11-29,SYN_A,96.9577,98.2949,95.6608,96.4376,2460726,96.4376
2022-11-30,SYN_A,96.8844,97.7029,95.7825,96.3584,1067880,96.3584
2022-12-01,SYN_A,96.2948,96.7621,93.4636,94.9744,2251778,94.9744
2022-12-02,SYN_A,94.9406,96.3103,94.7470,96.0226,3394053,96.0226
2022-12-05,SYN_A,96.2201,97.4769,95.2225,96.3501,1843172,96.3501
2022-12-06,SYN_A,96.0460,96.2054,94.9941,95.1245,2726141,95.1245
2022-12-07,SYN_A,95.2066,95.2892,94.2316,94.3130,1304503,94.3130
2022-12-08,SYN_A,94.1225,95.6977,91.8772,92.6042,3140007,92.6042
2022-12-09,SYN_A,92.4428,92.7862,91.4518,92.4901,2828855,92.4901
2022-12-12,SYN_A,92.2359,92.9669,92.0705,92.8150,2419179,92.8150
2022-12-13,SYN_A,92.8155,92.9396,91.2720,91.7002,2238501,91.7002
2022-12-14,SYN_A,91.4536,94.6764,90.7799,93.8200,1945690,93.8200
2022-12-15,SYN_A,93.6290,93.7217,92.6970,92.7922,3179678,92.7922
2022-12-16,SYN_A,92.9743,94.2496,91.2005,93.5107,1847857,93.5107
2022-12-19,SYN_A,93.5706,93.9052,91.7577,91.9070,2041517,91.9070
2022-12-20,SYN_A,91.7789,92.0236,90.9809,91.1447,2884474,91.1447
2022-12-21,SYN_A,90.9340,91.3135,90.2724,90.8429,2324170,90.8429
2022-12-22,SYN_A,90.6695,92.0968,90.5638,91.9651,1507719,91.9651
2022-12-23,SYN_A,91.9269,92.9267,91.3966,91.7472,1623525,91.7472
2022-12-26,SYN_A,91.8937,91.9117,90.5589,91.1781,2959496,91.1781
2022-12-27,SYN_A,91.2168,92.4431,90.7128,91.9452,2973101,91.9452
2022-12-28,SYN_A,91.5294,92.8971,90.5303,92.3388,2483976,92.3388
2022-12-29,SYN_A,92.3598,93.9371,92.2003,93.8165,2296972,93.8165
2022-12-30,SYN_A,93.7153,94.0860,91.5897,92.4441,1968634,92.4441
2023-01-02,SYN_A,92.3194,92.3213,92.2418,92.2431,3193000,92.2431
2023-01-03,SYN_A,92.3476,92.5539,92.0956,92.2817,1719495,92.2817
2023-01-04,SYN_A,92.3217,92.3244,91.3053,91.3086,2869429,91.3086
2023-01-05,SYN_A,91.1937,91.2048,91.0502,91.1790,2658176,91.1790
2023-01-06,SYN_A,91.1591,91.8718,89.7306,89.8216,3511888,89.8216
2023-01-09,SYN_A,89.5293,89.9881,88.7532,89.4709,1747276,89.4709
2023-01-10,SYN_A,89.1808,89.6292,88.5087,88.5868,1210682,88.5868
2023-01-11,SYN_A,88.4235,88.8352,87.8736,88.3054,1699673,88.3054
2023-01-12,SYN_A,88.5289,88.8094,88.0621,88.0855,2316666,88.0855
2023-01-13,SYN_A,88.1012,88.7271,86.5844,87.5420,1565654,87.5420
2023-01-16,SYN_A,87.4119,89.2727,87.0898,89.1643,2491111,89.1643
2023-01-17,SYN_A,89.3784,89.6902,87.6430,88.6464,1566533,88.6464
2023-01-18,SYN_A,88.6669,89.2150,87.3918,87.4799,2696164,87.4799
2023-01-19,SYN_A,87.6679,87.9490,86.0588,86.2202,1743181,86.2202
2023-01-20,SYN_A,86.3203,86.3648,84.1231,85.3579,2984605,85.3579
2023-01-23,SYN_A,85.5160,85.6742,84.2393,84.4427,1881354,84.4427
2023-01-24,SYN_A,84.5479,84.8115,83.7616,83.9050,3063278,83.9050
2023-01-25,SYN_A,84.0356,86.3797,83.6589,84.9139,2237414,84.9139
2023-01-26,SYN_A,85.0763,85.2779,84.0285,84.5438,2944299,84.5438
2023-01-27,SYN_A,84.3056,84.4054,83.5162,83.5858,1942000,83.5858
2023-01-30,SYN_A,83.7902,83.9766,83.2094,83.3125,1511147,83.3125
2023-01-31,SYN_A,83.1575,83.5904,82.4378,83.1226,2073253,83.1226
2023-02-01,SYN_A,82.8696,84.0104,82.8057,83.8115,1563988,83.8115
2023-02-02,SYN_A,83.4047,83.8972,82.8367,83.2672,2225318,83.2672
2023-02-03,SYN_A,82.9866,83.8965,82.9195,83.8939,3523835,83.8939
2023-02-06,SYN_A,84.0094,84.3257,82.0669,82.5136,2450069,82.5136
2023-02-07,SYN_A,82.5348,82.8530,80.0614,80.5620,2585869,80.5620
2023-02-08,SYN_A,80.7566,81.1965,79.7498,80.2081,1423116,80.2081
2023-02-09,SYN_A,80.5070,81.1451,80.4758,80.5383,3202814,80.5383
2023-02-10,SYN_A,80.9624,81.1459,80.2197,80.3220,2116858,80.3220
2023-02-13,SYN_A,80.4553,81.1241,79.9247,80.9932,1109393,80.9932
2023-02-14,SYN_A,80.9175,82.0386,80.5912,81.2793,1765318,81.2793
2023-02-15,SYN_A,81.3397,81.5353,81.3216,81.4461,1793324,81.4461
2023-02-16,SYN_A,81.5782,83.2232,81.4037,82.6576,1559909,82.6576
2023-02-17,SYN_A,82.5511,82.6119,82.2298,82.3490,2474741,82.3490
2023-02-20,SYN_A,82.3162,83.0145,80.7936,82.6016,2876396,82.6016
2023-02-21,SYN_A,82.8484,84.2121,82.7380,84.2075,6518224,84.2075
2023-02-22,SYN_A,84.2365,85.0099,83.9666,84.7386,2660742,84.7386
2023-02-23,SYN_A,84.6426,85.5141,84.5593,85.3324,2052335,85.3324
2023-02-24,SYN_A,85.1638,87.7094,84.6145,86.1430,2734337,86.1430
2023-02-27,SYN_A,86.2421,86.4177,85.8642,86.0288,1348957,86.0288
2023-02-28,SYN_A,86.1063,86.6253,86.0507,86.4751,1715199,86.4751
2023-03-01,SYN_A,86.3113,86.9773,85.8907,86.3287,1929653,86.3287
2023-03-02,SYN_A,86.1843,87.1050,85.5431,86.6197,1514407,86.6197
2023-03-03,SYN_A,86.7605,87.0896,86.7041,87.0745,4646274,87.0745
2023-03-06,SYN_A,86.8308,87.8454,85.8591,86.8981,1555128,86.8981
2023-03-07,SYN_A,87.0294,89.3964,86.4911,87.7866,2545998,87.7866
2023-03-08,SYN_A,87.5729,87.9548,85.0689,85.1775,4059255,85.1775
2023-03-09,SYN_A,85.1340,86.0390,85.0505,86.0058,1112983,86.0058
2023-03-10,SYN_A,86.0961,87.0006,84.4504,85.1837,2748847,85.1837
2023-03-13,SYN_A,85.6247,86.1879,84.0745,84.3160,2739330,84.3160
2023-03-14,SYN_A,84.4247,84.8094,84.1805,84.7721,3988135,84.7721
2023-03-15,SYN_A,84.6934,84.9999,84.5952,84.8940,3127109,84.8940
2023-03-16,SYN_A,85.0896,87.1711,85.0134,85.9669,935812,85.9669
2023-03-17,SYN_A,85.8032,86.1194,85.7676,86.0930,3997673,86.0930
2023-03-20,SYN_A,86.0796,86.6142,85.1018,85.2433,1662848,85.2433
2023-03-21,SYN_A,85.2375,85.2628,85.0090,85.1158,3852616,85.1158
2023-03-22,SYN_A,85.4573,85.5408,84.2936,84.3856,3373759,84.3856
2023-03-23,SYN_A,84.2233,84.4800,82.7933,82.8722,1216508,82.8722
2023-03-24,SYN_A,82.9548,83.0746,82.7410,82.8587,2603720,82.8587
2023-03-27,SYN_A,82.7111,83.1999,81.5318,81.6595,2327013,81.6595
2023-03-28,SYN_A,81.9069,82.6023,81.8781,82.3397,2444960,82.3397
2023-03-29,SYN_A,82.4517,82.9896,81.6091,82.0775,1753731,82.0775
2023-03-30,SYN_A,81.8574,82.7599,80.0495,80.9000,3126969,80.9000
2023-03-31,SYN_A,80.9472,81.1414,80.4544,80.5794,1376748,80.5794
2023-04-03,SYN_A,80.6545,80.6620,78.3153,78.4545,2312786,78.4545
2023-04-04,SYN_A,78.3787,78.3874,77.7710,77.8591,4304066,77.8591
2023-04-05,SYN_A,77.9156,77.9945,76.8461,76.9572,2830422,76.9572
2023-04-06,SYN_A,76.8574,76.8672,76.2517,76.3008,2853457,76.3008
2023-04-07,SYN_A,76.4208,77.3862,76.0209,77.1539,4607246,77.1539
2023-04-10,SYN_A,77.0637,77.1308,76.6165,76.7196,1567660,76.7196
2023-04-11,SYN_A,76.6432,78.6583,76.6071,78.2557,4703760,78.2557
2023-04-12,SYN_A,77.8455,79.0792,77.7367,78.8910,2298667,78.8910
2023-04-13,SYN_A,78.7924,79.4167,78.7359,79.3776,2691823,79.3776
2023-04-14,SYN_A,79.3747,81.0407,78.9227,80.7264,3243321,80.7264
2023-04-17,SYN_A,80.6420,80.7627,79.6836,79.8376,2880162,79.8376
2023-04-18,SYN_A,79.8772,79.8781,79.3951,79.4347,3317183,79.4347
2023-04-19,SYN_A,79.5394,79.6402,77.4340,77.4568,2330074,77.4568
2023-04-20,SYN_A,77.7605,77.8876,77.1296,77.3813,2069438,77.3813
2023-04-21,SYN_A,77.2662,77.9634,76.1425,76.7848,1629287,76.7848
2023-04-24,SYN_A,76.7463,78.2871,76.5741,78.1837,2249943,78.1837
2023-04-25,SYN_A,78.0479,78.5007,77.9788,78.5002,4541078,78.5002
2023-04-26,SYN_A,78.6435,79.7174,78.5892,79.3552,1859907,79.3552
2023-04-27,SYN_A,79.1828,79.6928,79.1248,79.6008,1934659,79.6008
2023-04-28,SYN_A,79.4148,80.7652,79.3832,80.7174,2519101,80.7174
2023-05-01,SYN_A,80.6416,80.7639,80.5287,80.5806,2578903,80.5806
2023-05-02,SYN_A,80.8670,80.9745,79.7223,79.8700,4402437,79.8700
2023-05-03,SYN_A,79.8910,80.6780,79.8770,80.6298,5746420,80.6298
2023-05-04,SYN_A,80.4503,81.5701,80.2473,81.4992,2338759,81.4992
2023-05-05,SYN_A,81.4783,81.5782,78.2793,79.3905,1068230,79.3905
2023-05-08,SYN_A,79.3765,79.3840,78.2665,78.3255,3080221,78.3255
2023-05-09,SYN_A,78.4762,78.8387,77.7079,78.1411,1926685,78.1411
2023-05-10,SYN_A,78.1399,79.7954,77.5621,79.4461,2180973,79.4461
2023-05-11,SYN_A,79.1019,79.4376,78.3960,78.4955,2628148,78.4955
2023-05-12,SYN_A,78.7915,79.6800,78.5237,79.6768,3240886,79.6768
2023-05-15,SYN_A,79.5757,79.6322,77.5848,78.4365,1536625,78.4365
2023-05-16,SYN_A,78.2464,78.8331,76.8820,77.0845,3036703,77.0845
2023-05-17,SYN_A,77.3417,78.3917,76.8477,77.5224,1638799,77.5224
2023-05-18,SYN_A,77.3877,77.3926,77.0477,77.1401,2597685,77.1401
2023-05-19,SYN_A,77.1421,77.5569,76.5944,76.6266,3257501,76.6266
2023-05-22,SYN_A,76.5176,77.4952,75.5677,76.2523,2620796,76.2523
2023-05-23,SYN_A,76.2469,77.3415,76.1064,76.4849,1944243,76.4849
2023-05-24,SYN_A,76.4100,76.5353,76.2809,76.4407,2953247,76.4407
2023-05-25,SYN_A,76.5114,76.5562,75.8141,75.8796,1297734,75.8796
2023-05-26,SYN_A,75.6225,76.1265,74.0877,75.8791,2341317,75.8791
2023-05-29,SYN_A,76.2873,76.3029,76.0222,76.0595,3195435,76.0595
2023-05-30,SYN_A,76.0521,76.5818,76.0220,76.1869,2844812,76.1869
2023-05-31,SYN_A,76.1569,76.9925,75.9853,76.7300,1810408,76.7300
2023-06-01,SYN_A,76.7608,76.7844,75.5207,75.5563,1972899,75.5563
2023-06-02,SYN_A,75.6760,76.4591,74.5463,75.2659,2927034,75.2659
2023-06-05,SYN_A,75.2351,76.6748,75.0786,76.0368,1986445,76.0368
2023-06-06,SYN_A,76.0063,76.0414,75.1658,75.2889,2948499,75.2889
2023-06-07,SYN_A,75.2763,76.6172,74.2282,75.9232,1793182,75.9232
2023-06-08,SYN_A,75.8548,76.5128,75.2812,75.6723,2874547,75.6723
2023-06-09,SYN_A,75.6145,76.4858,75.3881,75.9707,2381002,75.9707
2023-06-12,SYN_A,76.1234,77.3473,76.1185,77.3228,1851456,77.3228
2023-06-13,SYN_A,77.2078,79.1562,76.9913,78.6580,1829649,78.6580
2023-06-14,SYN_A,78.5594,78.9806,78.3742,78.6700,5437755,78.6700
2023-06-15,SYN_A,78.7991,79.8225,78.7795,79.4191,2146303,79.4191
2023-06-16,SYN_A,79.3152,79.4464,78.0052,78.1321,2221222,78.1321
2023-06-19,SYN_A,78.0593,79.6920,77.9754,79.6268,2863600,79.6268
2023-06-20,SYN_A,79.7323,80.2493,78.8352,80.0730,1803464,80.0730
2023-06-21,SYN_A,79.9580,79.9643,79.2161,79.2435,1877994,79.2435
2023-06-22,SYN_A,79.4964,80.5204,79.2689,80.5175,1553907,80.5175
2023-06-23,SYN_A,80.3036,81.1306,78.0292,79.1332,1578914,79.1332
2023-06-26,SYN_A,79.2407,80.7418,77.4943,78.9342,2250446,78.9342
2023-06-27,SYN_A,78.7932,78.9013,78.3031,78.5094,1384466,78.5094
2023-06-28,SYN_A,78.5941,81.1804,78.4059,81.0868,2342313,81.0868
2023-06-29,SYN_A,81.1697,81.2373,80.5062,80.5152,3003965,80.5152
2023-06-30,SYN_A,80.7490,81.8713,78.2763,80.0570,3058915,80.0570
2023-07-03,SYN_A,79.9424,80.7173,79.5180,79.9771,4230245,79.9771
2023-07-04,SYN_A,79.9747,80.8768,79.9276,79.9714,3169724,79.9714
2023-07-05,SYN_A,80.1574,80.2393,78.7297,78.7765,1181930,78.7765
2023-07-06,SYN_A,78.8438,79.0731,76.6037,76.9657,4898802,76.9657
2023-07-07,SYN_A,76.8213,77.8402,76.2092,77.8181,1637715,77.8181
2023-07-10,SYN_A,77.6355,78.1560,76.0260,76.7901,2307933,76.7901
2023-07-11,SYN_A,76.6632,76.6885,76.1862,76.2422,4208901,76.2422
2023-07-12,SYN_A,76.3437,76.5826,75.1589,75.4625,3003577,75.4625
2023-07-13,SYN_A,75.5966,76.8574,74.9371,76.1057,1584300,76.1057
2023-07-14,SYN_A,76.0814,76.2941,75.6298,75.9124,2675565,75.9124
2023-07-17,SYN_A,75.6319,77.2349,74.9445,76.6547,2489566,76.6547
2023-07-18,SYN_A,76.7182,77.1900,75.8103,76.8015,4181694,76.8015
2023-07-19,SYN_A,76.7395,76.8536,74.9927,75.6554,2440766,75.6554
2023-07-20,SYN_A,75.6913,76.3772,75.1261,75.9226,2432173,75.9226
2023-07-21,SYN_A,75.6811,76.1055,74.7812,75.4001,2183948,75.4001
2023-07-24,SYN_A,75.5082,75.8722,75.1757,75.3408,1481665,75.3408
2023-07-25,SYN_A,75.2471,75.4885,75.2465,75.4491,2409469,75.4491
2023-07-26,SYN_A,75.5548,76.6170,74.6881,76.3374,2381424,76.3374
2023-07-27,SYN_A,76.4616,76.4804,75.7780,75.9251,2045186,75.9251
2023-07-28,SYN_A,75.4944,76.5374,74.3815,75.7331,1946767,75.7331
2023-07-31,SYN_A,75.6323,76.9079,73.6024,74.9708,1800163,74.9708
2023-08-01,SYN_A,74.9444,75.5095,73.9393,74.4557,2517888,74.4557
2023-08-02,SYN_A,74.3785,74.7044,74.0868,74.5598,2200676,74.5598
2023-08-03,SYN_A,74.6289,74.8720,73.8070,74.2256,2719529,74.2256
2023-08-04,SYN_A,74.1621,75.0728,74.1275,75.0159,2171166,75.0159
2023-08-07,SYN_A,75.2261,75.4346,75.0177,75.0478,2270034,75.0478
2023-08-08,SYN_A,74.9768,75.1555,72.9805,73.0632,2203687,73.0632
2023-08-09,SYN_A,73.1392,74.1726,72.6190,74.1521,3335371,74.1521
2023-08-10,SYN_A,74.1018,74.6995,73.7896,74.4078,3885038,74.4078
2023-08-11,SYN_A,74.5138,75.2971,72.2018,73.0393,1835906,73.0393
2023-08-14,SYN_A,72.9917,74.0296,72.7024,73.6172,1693311,73.6172
2023-08-15,SYN_A,73.7804,75.0486,73.7328,75.0009,2242483,75.0009
2023-08-16,SYN_A,74.8819,75.3828,74.4785,74.9674,4034843,74.9674
2023-08-17,SYN_A,75.0387,75.0930,74.7622,74.8369,4069349,74.8369
2023-08-18,SYN_A,74.9267,75.2692,73.5664,74.1425,1732174,74.1425
2023-08-21,SYN_A,74.1238,74.3029,74.0991,74.2189,1919319,74.2189
2023-08-22,SYN_A,74.4002,75.7147,74.2750,75.1640,1161724,75.1640
2023-08-23,SYN_A,75.4567,75.9008,75.4368,75.7258,3319183,75.7258
2023-08-24,SYN_A,75.9229,75.9784,74.3438,75.4843,2500601,75.4843
2023-08-25,SYN_A,75.3272,75.7615,75.2610,75.7478,1859375,75.7478
2023-08-28,SYN_A,75.8136,76.9074,75.7903,76.8446,1741718,76.8446
2023-08-29,SYN_A,76.9939,77.4473,75.9516,76.6795,1914219,76.6795
2023-08-30,SYN_A,76.8395,77.1237,75.5427,75.7431,4136331,75.7431
2023-08-31,SYN_A,76.1860,77.4900,76.0127,77.4712,2324820,77.4712
2023-09-01,SYN_A,77.3388,77.6309,77.0926,77.2636,2393685,77.2636
2023-09-04,SYN_A,77.2700,78.6381,76.4089,76.7247,4334176,76.7247
2023-09-05,SYN_A,76.8392,77.4327,75.4869,75.8022,3616267,75.8022
2023-09-06,SYN_A,75.7825,77.0276,75.5696,76.9757,2088945,76.9757
2023-09-07,SYN_A,76.6919,77.5658,76.4545,77.3307,2303859,77.3307
2023-09-08,SYN_A,77.2072,78.3593,77.1415,78.0066,1857439,78.0066
2023-09-11,SYN_A,78.0724,78.9570,77.3610,78.7555,2346753,78.7555
2023-09-12,SYN_A,78.6942,80.7989,78.4431,80.2573,1795402,80.2573
2023-09-13,SYN_A,80.4342,80.7590,78.7471,78.9021,2552105,78.9021
2023-09-14,SYN_A,78.7778,79.5683,78.6103,79.5391,2705249,79.5391
2023-09-15,SYN_A,79.7160,79.7496,78.5770,79.5357,2643915,79.5357
2023-09-18,SYN_A,79.5460,80.0040,78.8378,79.3670,1989273,79.3670
2023-09-19,SYN_A,79.1822,80.2586,79.1537,80.0305,3619335,80.0305
2023-09-20,SYN_A,80.0633,80.5498,78.9714,79.2575,1179426,79.2575
2023-09-21,SYN_A,79.2245,79.2818,76.5642,77.9272,2188183,77.9272
2023-09-22,SYN_A,78.0253,78.1297,77.0167,77.0947,2237718,77.0947
2023-09-25,SYN_A,76.9567,79.0868,76.8244,78.9091,4857755,78.9091
2023-09-26,SYN_A,78.8825,80.5006,77.1605,79.7761,2534334,79.7761
2023-09-27,SYN_A,79.8824,80.4474,79.7727,80.4262,3093014,80.4262
2023-09-28,SYN_A,80.4262,81.6751,80.3205,81.4793,2433554,81.4793
2023-09-29,SYN_A,81.4819,83.8241,80.9662,83.6307,3255637,83.6307
2023-10-02,SYN_A,83.6834,83.7069,81.9169,82.1751,1697966,82.1751
2023-10-03,SYN_A,82.1680,84.0277,81.7365,82.5846,2592352,82.5846
2023-10-04,SYN_A,82.5188,82.5810,82.0851,82.1489,3034136,82.1489
2023-10-05,SYN_A,82.1632,82.3483,81.5681,81.7949,2052125,81.7949
2023-10-06,SYN_A,81.7113,82.5560,80.5779,81.2474,1656421,81.2474
2023-10-09,SYN_A,81.3540,81.7763,80.3164,80.7038,2205998,80.7038
2023-10-10,SYN_A,80.8887,84.1018,80.8760,84.0659,955681,84.0659
2023-10-11,SYN_A,84.2025,84.3332,83.5760,83.6331,3020494,83.6331
2023-10-12,SYN_A,83.8365,84.3229,83.5449,84.1482,1983705,84.1482
2023-10-13,SYN_A,84.3760,84.5665,83.1758,83.9489,4002738,83.9489
2023-10-16,SYN_A,84.0419,85.6650,83.1056,84.8256,1106093,84.8256
2023-10-17,SYN_A,85.0943,85.5913,83.6484,84.1703,3447681,84.1703
2023-10-18,SYN_A,84.4614,85.0747,84.3584,84.9801,3190037,84.9801
2023-10-19,SYN_A,85.2077,85.6627,84.8827,85.1781,2491314,85.1781
2023-10-20,SYN_A,85.2150,85.2933,84.4025,84.4451,3798325,84.4451
2023-10-23,SYN_A,84.2642,86.1337,83.7834,85.6947,2133013,85.6947
2023-10-24,SYN_A,85.7616,86.8928,85.3451,86.2167,1942562,86.2167
2023-10-25,SYN_A,85.9057,87.1231,85.0392,87.0818,1993852,87.0818
2023-10-26,SYN_A,87.3232,88.4921,85.8166,87.2896,2239841,87.2896
2023-10-27,SYN_A,87.1831,87.4059,84.9551,85.2039,3566657,85.2039
2023-10-30,SYN_A,85.1816,85.4176,83.7989,84.6508,1860259,84.6508
2023-10-31,SYN_A,84.4130,87.3610,83.4950,86.2873,3964752,86.2873
2023-11-01,SYN_A,86.5553,87.7735,86.4398,87.7535,2089156,87.7535
2023-11-02,SYN_A,87.5961,87.8591,87.0618,87.1312,2397941,87.1312
2023-11-03,SYN_A,87.1253,88.0851,84.3481,85.5894,3733443,85.5894
2023-11-06,SYN_A,85.9209,86.3984,85.8315,86.3062,2161762,86.3062
2023-11-07,SYN_A,86.3429,86.7817,83.6853,84.2596,2241846,84.2596
2023-11-08,SYN_A,83.8562,84.3475,82.7005,82.7279,3657504,82.7279
2023-11-09,SYN_A,82.8464,84.3105,82.8026,83.8654,1679627,83.8654
2023-11-10,SYN_A,83.8983,84.8527,82.7913,84.1287,2463561,84.1287
2023-11-13,SYN_A,83.8327,83.8698,83.4304,83.5427,2291081,83.5427
2023-11-14,SYN_A,83.2926,84.8617,83.0159,84.6490,2766149,84.6490
2023-11-15,SYN_A,84.4173,84.7037,83.6667,83.9470,3677222,83.9470
2023-11-16,SYN_A,84.0963,85.8113,82.8822,84.8320,2618809,84.8320
2023-11-17,SYN_A,84.9978,85.7931,84.3001,84.7910,2069089,84.7910
2023-11-20,SYN_A,84.7602,84.8242,83.4376,83.4671,2922397,83.4671
2023-11-21,SYN_A,83.5767,83.6525,83.5367,83.6030,2578031,83.6030
2023-11-22,SYN_A,83.4416,83.9580,82.7246,82.9009,1684484,82.9009
2023-11-23,SYN_A,82.9610,86.4732,82.5793,85.7836,4230613,85.7836
2023-11-24,SYN_A,86.1117,86.7483,85.5857,86.5974,2117628,86.5974
2023-11-27,SYN_A,86.4635,86.7840,84.8436,85.4005,3861914,85.4005
2023-11-28,SYN_A,85.4443,85.4496,85.0460,85.1457,1021358,85.1457
2023-11-29,SYN_A,85.2528,87.1797,85.0709,87.0021,3539774,87.0021
2023-11-30,SYN_A,87.0363,87.1164,84.0507,84.1198,2136988,84.1198
2023-12-01,SYN_A,84.1141,84.8189,84.1102,84.8045,2130393,84.8045
2023-12-04,SYN_A,84.6014,84.6058,84.2185,84.3976,3099248,84.3976
2023-12-05,SYN_A,84.4660,84.7171,83.9062,84.2320,2466528,84.2320
2023-12-06,SYN_A,84.4004,84.7502,82.6065,83.0880,2271481,83.0880
2023-12-07,SYN_A,83.2278,83.9173,83.0882,83.8461,2400723,83.8461
2023-12-08,SYN_A,83.5961,84.8300,80.2484,81.2719,1982501,81.2719
2023-12-11,SYN_A,81.3967,82.6662,80.1572,80.5116,1619852,80.5116
2023-12-12,SYN_A,80.2509,80.7478,79.2866,79.5204,2763333,79.5204
2023-12-13,SYN_A,79.7132,82.0809,76.7297,78.7774,3792512,78.7774
2023-12-14,SYN_A,78.7223,79.4052,78.6115,79.3381,2309203,79.3381
2023-12-15,SYN_A,79.3379,79.9482,78.5923,78.8472,2829777,78.8472
2023-12-18,SYN_A,78.9809,79.1872,78.8083,78.9075,1438026,78.9075
2023-12-19,SYN_A,78.9637,81.2061,78.6744,80.9857,1740414,80.9857
2023-12-20,SYN_A,81.2293,81.8176,80.4440,81.1001,2884966,81.1001
2023-12-21,SYN_A,80.9002,81.1264,79.2182,79.8601,2893626,79.8601
2023-12-22,SYN_A,79.7768,82.1446,79.3643,81.6882,3171511,81.6882
2023-12-25,SYN_A,81.7336,82.7128,81.6563,81.9617,5919884,81.9617
2023-12-26,SYN_A,81.8590,83.8057,80.4649,81.8491,2433687,81.8491
2023-12-27,SYN_A,81.8956,82.7566,81.8523,82.6319,3207519,82.6319
2023-12-28,SYN_A,82.6702,83.4540,82.4478,82.8575,2437627,82.8575
2023-12-29,SYN_A,82.6598,83.1006,82.5671,82.6936,2528606,82.6936
2022-01-03,SYN_B,44.8425,44.8439,43.5732,43.5834,7243403,43.5834
2022-01-04,SYN_B,43.5117,43.7267,42.4620,42.8185,6787419,42.8185
2022-01-05,SYN_B,42.6624,43.0040,42.2849,42.2969,6353400,42.2969
2022-01-06,SYN_B,42.3579,42.9905,42.2691,42.8418,10071725,42.8418
2022-01-07,SYN_B,42.8278,43.7054,42.4692,43.4843,4872699,43.4843
2022-01-10,SYN_B,43.7903,44.3002,43.7079,44.0944,8844047,44.0944
2022-01-11,SYN_B,44.1175,44.1176,42.5231,43.5122,6102348,43.5122
2022-01-12,SYN_B,43.5055,44.1973,42.9928,44.1661,6085224,44.1661
2022-01-13,SYN_B,44.5477,45.2910,44.4993,44.6297,13815519,44.6297
2022-01-14,SYN_B,44.5669,44.5987,44.0021,44.0867,6270753,44.0867
2022-01-17,SYN_B,44.0328,44.7088,43.0363,43.4654,5345320,43.4654
2022-01-18,SYN_B,43.4705,43.4776,43.2499,43.2551,3201341,43.2551
2022-01-19,SYN_B,43.0945,43.4894,42.4521,42.7527,9617383,42.7527
2022-01-20,SYN_B,42.9663,45.0218,42.3969,44.8569,3807173,44.8569
2022-01-21,SYN_B,44.8695,45.1333,44.1068,44.1888,7944446,44.1888
2022-01-24,SYN_B,44.4678,46.1005,44.4410,45.2982,7653410,45.2982
2022-01-25,SYN_B,45.5088,46.1559,44.8099,45.4385,5893609,45.4385
2022-01-26,SYN_B,45.4729,45.5755,44.9612,45.0574,8039960,45.0574
2022-01-27,SYN_B,45.1677,46.9591,44.8105,46.5837,7318127,46.5837
2022-01-28,SYN_B,46.6565,47.7623,46.4247,47.4824,4058129,47.4824
2022-01-31,SYN_B,47.3163,50.1144,47.1699,49.3692,2046436,49.3692
2022-02-01,SYN_B,49.6272,50.1591,49.5258,50.0667,10505512,50.0667
2022-02-02,SYN_B,49.9651,50.0383,49.1330,49.3024,3596311,49.3024
2022-02-03,SYN_B,48.9870,49.0907,48.3036,48.3048,5669060,48.3048
2022-02-04,SYN_B,48.3359,48.5592,48.1613,48.3034,6652488,48.3034
2022-02-07,SYN_B,48.1404,48.7709,48.1234,48.4608,4832965,48.4608
2022-02-08,SYN_B,48.4437,49.3136,47.6525,49.0746,8200544,49.0746
2022-02-09,SYN_B,49.3150,50.3779,48.6250,49.6833,4081338,49.6833
2022-02-10,SYN_B,49.4968,49.6608,49.0522,49.1108,5635283,49.1108
2022-02-11,SYN_B,49.3474,49.6168,49.0424,49.2421,7683259,49.2421
2022-02-14,SYN_B,49.4307,49.6734,48.8824,49.2535,3127800,49.2535
2022-02-15,SYN_B,49.4695,51.0726,49.3574,50.9029,3505883,50.9029
2022-02-16,SYN_B,50.9295,51.3013,50.2078,50.5680,5624584,50.5680
2022-02-17,SYN_B,50.7252,51.0276,49.7368,50.4056,8475428,50.4056
2022-02-18,SYN_B,50.3332,51.4079,49.8121,51.1855,11420088,51.1855
2022-02-21,SYN_B,51.3285,53.7816,50.3287,52.6948,6104605,52.6948
2022-02-22,SYN_B,52.5312,52.9778,51.6782,52.0406,5502384,52.0406
2022-02-23,SYN_B,52.0621,52.3749,50.2953,50.3974,3040031,50.3974
2022-02-24,SYN_B,50.5734,51.1304,49.4029,49.7690,4439259,49.7690
2022-02-25,SYN_B,49.3194,50.2197,49.0603,50.1007,4565302,50.1007
2022-02-28,SYN_B,50.0549,50.3599,49.7962,49.8199,8517819,49.8199
2022-03-01,SYN_B,50.1020,51.1882,49.6877,50.3205,12224618,50.3205
2022-03-02,SYN_B,50.1793,52.1408,50.1554,52.0963,10443391,52.0963
2022-03-03,SYN_B,52.1473,53.2787,51.5294,53.1631,6650067,53.1631
2022-03-04,SYN_B,52.8338,52.9865,52.8259,52.9016,7173483,52.9016
2022-03-07,SYN_B,52.7906,56.1420,52.6192,55.0108,11698820,55.0108
2022-03-08,SYN_B,55.0003,56.8758,54.3475,56.3827,3442584,56.3827
2022-03-09,SYN_B,56.2604,57.1932,54.1536,54.6759,8961868,54.6759
2022-03-10,SYN_B,54.3428,54.4031,53.1969,53.7867,5276013,53.7867
2022-03-11,SYN_B,53.6723,55.0951,53.6275,54.7418,5691868,54.7418
2022-03-14,SYN_B,55.1150,56.6188,54.6212,56.2140,3609084,56.2140
2022-03-15,SYN_B,56.3026,56.4388,55.8765,56.1130,10207577,56.1130
2022-03-16,SYN_B,56.1682,56.6303,54.9998,55.1591,9326438,55.1591
2022-03-17,SYN_B,55.1783,56.0777,55.0806,56.0603,8713424,56.0603
2022-03-18,SYN_B,55.9663,56.3497,54.5213,54.7706,4770127,54.7706
2022-03-21,SYN_B,54.7480,55.0387,53.4090,54.1421,5012238,54.1421
2022-03-22,SYN_B,54.2974,56.8842,54.0821,56.6025,5414144,56.6025
2022-03-23,SYN_B,56.5634,57.3398,56.4387,57.1696,6253866,57.1696
2022-03-24,SYN_B,57.2757,57.3341,56.5912,56.7202,7996477,56.7202
2022-03-25,SYN_B,56.6720,57.4360,56.5967,57.2543,3814142,57.2543
2022-03-28,SYN_B,57.4271,58.3914,56.5009,58.2070,4192718,58.2070
2022-03-29,SYN_B,57.7554,57.8418,57.4603,57.8330,4343101,57.8330
2022-03-30,SYN_B,57.6939,58.0416,57.5763,57.8430,5326083,57.8430
2022-03-31,SYN_B,57.9298,57.9582,57.4626,57.4799,7238420,57.4799
2022-04-01,SYN_B,57.4470,60.1602,56.6252,59.8453,5036530,59.8453
2022-04-04,SYN_B,59.9609,59.9882,59.7829,59.7971,7721546,59.7971
2022-04-05,SYN_B,60.1879,61.5642,60.1704,61.5603,2185735,61.5603
2022-04-06,SYN_B,61.9647,63.9317,61.0008,62.6598,3221778,62.6598
2022-04-07,SYN_B,62.6812,63.0531,60.8957,61.4510,5607359,61.4510
2022-04-08,SYN_B,61.8704,62.4918,60.4839,60.8564,7473229,60.8564
2022-04-11,SYN_B,60.9601,61.0376,60.3724,60.4153,9024837,60.4153
2022-04-12,SYN_B,60.6872,60.8785,60.3615,60.7972,6811056,60.7972
2022-04-13,SYN_B,61.2143,61.4209,60.6544,60.8921,5030125,60.8921
2022-04-14,SYN_B,61.0035,61.1128,60.0165,60.1288,4651638,60.1288
2022-04-15,SYN_B,60.3393,60.8031,58.7172,58.8851,8379917,58.8851
2022-04-18,SYN_B,58.6309,59.2721,58.5710,59.1894,4844144,59.1894
2022-04-19,SYN_B,59.5096,61.1279,59.2993,60.9336,7681725,60.9336
2022-04-20,SYN_B,61.3321,61.3819,60.7996,60.8672,5934680,60.8672
2022-04-21,SYN_B,60.3588,62.0399,60.2877,61.9751,6891940,61.9751
2022-04-22,SYN_B,62.1632,62.2272,61.6978,61.7741,3979561,61.7741
2022-04-25,SYN_B,61.6819,63.9318,61.1109,63.1352,6286694,63.1352
2022-04-26,SYN_B,63.2557,64.7463,62.9696,64.7010,6577817,64.7010
2022-04-27,SYN_B,65.0029,65.8930,64.7877,65.7787,6178075,65.7787
2022-04-28,SYN_B,65.9817,68.6236,65.1949,68.0999,4016836,68.0999
2022-04-29,SYN_B,68.8597,68.9253,68.4409,68.5078,4004025,68.5078
2022-05-02,SYN_B,68.3099,68.3175,65.6487,66.1952,4625445,66.1952
2022-05-03,SYN_B,66.0211,67.1133,65.6658,66.0503,8024561,66.0503
2022-05-04,SYN_B,66.3361,67.7137,66.2501,67.6512,4553004,67.6512
2022-05-05,SYN_B,67.5158,68.2551,66.9617,67.1105,7001971,67.1105
2022-05-06,SYN_B,66.9583,67.0054,64.9082,65.3542,6179931,65.3542
2022-05-09,SYN_B,65.0857,65.1697,63.9236,64.0046,4710306,64.0046
2022-05-10,SYN_B,63.9207,64.4877,63.4105,63.6401,6093795,63.6401
2022-05-11,SYN_B,63.2355,63.6123,61.7289,62.4039,7907734,62.4039
2022-05-12,SYN_B,62.9558,63.2439,62.8455,63.1168,4055826,63.1168
2022-05-13,SYN_B,62.9598,63.1666,61.0958,61.2046,11501932,61.2046
2022-05-16,SYN_B,61.2391,62.4079,60.7613,61.8256,5868821,61.8256
2022-05-17,SYN_B,61.7272,62.1276,61.5949,61.9301,7052040,61.9301
2022-05-18,SYN_B,61.9799,62.9029,61.1736,62.0738,3887656,62.0738
2022-05-19,SYN_B,61.9077,62.5139,58.1039,58.5921,4582139,58.5921
2022-05-20,SYN_B,58.2531,59.8134,58.2025,59.7853,3767007,59.7853
2022-05-23,SYN_B,59.6809,60.3548,57.9054,58.7191,4855737,58.7191
2022-05-24,SYN_B,58.5426,59.2690,58.0622,58.9768,3390298,58.9768
2022-05-25,SYN_B,58.9340,59.9056,58.6018,59.8077,7643759,59.8077
2022-05-26,SYN_B,59.9541,59.9944,59.5368,59.8545,5112188,59.8545
2022-05-27,SYN_B,59.5811,59.9983,59.5725,59.9963,6730489,59.9963
2022-05-30,SYN_B,59.6349,60.9611,59.0447,60.7531,4269735,60.7531
2022-05-31,SYN_B,60.8686,62.5865,60.4736,62.0252,3863805,62.0252
2022-06-01,SYN_B,62.1030,62.9357,62.0848,62.7131,3123984,62.7131
2022-06-02,SYN_B,62.5904,62.8693,62.0650,62.4245,15155159,62.4245
2022-06-03,SYN_B,62.3212,62.4477,60.4357,60.6346,2978249,60.6346
2022-06-06,SYN_B,60.5504,60.9098,58.0047,58.3085,5960900,58.3085
2022-06-07,SYN_B,58.1392,59.9496,58.0140,58.9862,5181991,58.9862
2022-06-08,SYN_B,58.8094,59.1213,56.4649,57.5906,7025154,57.5906
2022-06-09,SYN_B,57.6111,57.6697,57.3564,57.5044,3541690,57.5044
2022-06-10,SYN_B,57.4357,59.0559,57.0848,59.0383,5969279,59.0383
2022-06-13,SYN_B,59.1828,59.3126,56.3901,56.5471,5070778,56.5471
2022-06-14,SYN_B,56.4959,57.8920,55.7261,57.1671,6941665,57.1671
2022-06-15,SYN_B,57.1676,58.3169,56.3225,56.8221,4394748,56.8221
2022-06-16,SYN_B,56.7019,58.0332,56.5899,57.7996,2708337,57.7996
2022-06-17,SYN_B,57.7718,58.1662,56.4562,57.1668,4460874,57.1668
2022-06-20,SYN_B,56.8206,57.8679,56.8067,57.7220,8319989,57.7220
2022-06-21,SYN_B,57.7047,58.5938,56.8600,57.2717,5512300,57.2717
2022-06-22,SYN_B,57.2371,57.8985,56.8290,57.4220,5408510,57.4220
2022-06-23,SYN_B,57.4832,57.6241,56.9515,56.9952,14197335,56.9952
2022-06-24,SYN_B,56.7546,57.2663,54.0110,54.6865,7058606,54.6865
2022-06-27,SYN_B,54.5753,54.7706,53.9074,54.1251,5308532,54.1251
2022-06-28,SYN_B,54.4866,55.1517,53.1453,53.3741,6716630,53.3741
2022-06-29,SYN_B,53.3677,54.6422,53.3511,54.3819,6396254,54.3819
2022-06-30,SYN_B,54.5035,55.4594,53.2434,54.1721,6947922,54.1721
2022-07-01,SYN_B,54.2529,54.8591,52.9113,54.3784,6417407,54.3784
2022-07-04,SYN_B,54.6115,54.7289,54.2924,54.3556,7833421,54.3556
2022-07-05,SYN_B,54.7037,55.8880,54.3100,55.5393,4475947,55.5393
2022-07-06,SYN_B,55.7115,55.9107,55.2086,55.4730,9701578,55.4730
2022-07-07,SYN_B,55.1394,55.2393,54.5321,54.5746,5920709,54.5746
2022-07-08,SYN_B,54.3270,54.6533,54.2438,54.6230,10455555,54.6230
2022-07-11,SYN_B,54.7813,54.8309,54.0347,54.0810,6012465,54.0810
2022-07-12,SYN_B,54.2190,56.1565,54.2054,55.5729,8826116,55.5729
2022-07-13,SYN_B,55.6646,56.0365,54.2034,54.6330,6699726,54.6330
2022-07-14,SYN_B,54.3450,54.5660,53.5237,53.7533,5379119,53.7533
2022-07-15,SYN_B,53.6563,55.2254,53.6295,55.1849,4061254,55.1849
2022-07-18,SYN_B,54.9165,55.1368,53.2508,53.4709,8955771,53.4709
2022-07-19,SYN_B,53.3686,54.4906,53.1876,54.1044,3807977,54.1044
2022-07-20,SYN_B,54.2897,54.3002,53.6183,53.6279,5306072,53.6279
2022-07-21,SYN_B,53.3358,53.6888,53.3272,53.6817,6294708,53.6817
2022-07-22,SYN_B,53.7879,53.8679,53.3401,53.4765,4616600,53.4765
2022-07-25,SYN_B,53.3310,53.4118,49.9984,50.0407,4198617,50.0407
2022-07-26,SYN_B,50.3274,50.3623,47.8871,48.0731,6012147,48.0731
2022-07-27,SYN_B,48.2615,48.6108,48.1130,48.5543,6541537,48.5543
2022-07-28,SYN_B,48.5186,49.4411,47.1393,47.7085,3088018,47.7085
2022-07-29,SYN_B,47.6427,48.4727,47.6251,47.7444,4781023,47.7444
2022-08-01,SYN_B,47.6619,47.9118,47.6394,47.8442,11743782,47.8442
2022-08-02,SYN_B,48.0827,48.6844,47.9885,48.6187,3731024,48.6187
2022-08-03,SYN_B,48.8064,49.4079,48.6405,48.7844,5325560,48.7844
2022-08-04,SYN_B,48.5310,48.9978,48.0482,48.9845,5679152,48.9845
2022-08-05,SYN_B,48.7182,49.1256,48.7008,49.0221,3252594,49.0221
2022-08-08,SYN_B,49.0209,49.1097,48.3401,48.4243,7620776,48.4243
2022-08-09,SYN_B,48.5822,49.4442,48.3756,49.2601,6060469,49.2601
2022-08-10,SYN_B,49.5290,51.6689,49.3329,51.4640,4091259,51.4640
2022-08-11,SYN_B,51.5550,52.0404,50.6457,50.7960,4818179,50.7960
2022-08-12,SYN_B,50.8545,51.2570,50.4199,50.4448,4963676,50.4448
2022-08-15,SYN_B,50.3695,51.0071,48.9905,49.2668,4358021,49.2668
2022-08-16,SYN_B,49.3631,49.4441,47.6674,47.7618,8400461,47.7618
2022-08-17,SYN_B,47.4167,48.5498,46.4747,47.6680,5910320,47.6680
2022-08-18,SYN_B,47.7421,47.8799,46.5205,46.9182,5735786,46.9182
2022-08-19,SYN_B,46.7162,47.0474,46.1706,46.3318,6199027,46.3318
2022-08-22,SYN_B,46.2062,47.1311,46.1075,47.0624,5907026,47.0624
2022-08-23,SYN_B,47.0067,48.2093,46.9793,48.1731,4894086,48.1731
2022-08-24,SYN_B,48.3225,48.9115,48.3206,48.9017,4052207,48.9017
2022-08-25,SYN_B,48.8975,50.0000,48.8768,49.9908,5414839,49.9908
2022-08-26,SYN_B,50.1095,50.5850,48.3808,48.8496,5886217,48.8496
2022-08-29,SYN_B,48.7052,49.0181,46.8086,46.9088,6557824,46.9088
2022-08-30,SYN_B,46.9274,47.4053,46.3466,46.4511,7556157,46.4511
2022-08-31,SYN_B,46.4632,48.2778,46.3630,48.1640,5841982,48.1640
2022-09-01,SYN_B,48.4776,49.3223,47.8905,48.5065,5454773,48.5065
2022-09-02,SYN_B,48.4908,48.5939,45.7894,46.3868,6987542,46.3868
2022-09-05,SYN_B,46.2846,46.7061,46.0061,46.1137,5937214,46.1137
2022-09-06,SYN_B,45.7994,46.5871,45.7703,46.5402,7168522,46.5402
2022-09-07,SYN_B,46.6129,47.8012,46.2023,47.4295,5681487,47.4295
2022-09-08,SYN_B,47.4344,47.4349,46.1911,46.2003,4621556,46.2003
2022-09-09,SYN_B,46.2307,47.3692,46.2049,47.1838,3710203,47.1838
2022-09-12,SYN_B,47.1609,47.8038,43.9076,45.0307,8770252,45.0307
2022-09-13,SYN_B,44.9217,46.4441,44.8562,46.2324,6772053,46.2324
2022-09-14,SYN_B,46.2884,47.1375,45.0259,45.9260,7137083,45.9260
2022-09-15,SYN_B,45.9224,45.9307,45.8361,45.8674,4425350,45.8674
2022-09-16,SYN_B,45.8789,47.5452,45.6829,46.2858,7346926,46.2858
2022-09-19,SYN_B,46.3639,47.4422,46.3525,47.3760,5808848,47.3760
2022-09-20,SYN_B,47.2176,48.2436,47.1913,47.7868,6130346,47.7868
2022-09-21,SYN_B,47.9468,49.8146,46.8208,48.6769,10359636,48.6769
2022-09-22,SYN_B,48.4980,48.9579,47.4168,48.1654,4670483,48.1654
2022-09-23,SYN_B,48.2825,48.7070,47.4057,48.6154,3422681,48.6154
2022-09-26,SYN_B,48.6377,48.8410,48.3995,48.7641,5524045,48.7641
2022-09-27,SYN_B,48.5723,48.7616,48.2278,48.4296,7988882,48.4296
2022-09-28,SYN_B,48.3299,48.4464,46.5614,47.7537,5994362,47.7537
2022-09-29,SYN_B,47.8187,47.8328,47.3713,47.3816,4064174,47.3816
2022-09-30,SYN_B,47.1230,49.2849,46.7505,49.1828,3444606,49.1828
2022-10-03,SYN_B,49.0700,49.7934,49.0008,49.6857,7702458,49.6857
2022-10-04,SYN_B,49.8306,50.1085,49.7434,50.0231,6605472,50.0231
2022-10-05,SYN_B,49.5074,49.7157,48.1080,48.3819,5373094,48.3819
2022-10-06,SYN_B,48.5868,50.4848,48.4773,50.1324,6700985,50.1324
2022-10-07,SYN_B,50.1705,50.2421,49.0206,49.2619,4338356,49.2619
2022-10-10,SYN_B,49.1867,49.2317,48.2704,48.4045,11511452,48.4045
2022-10-11,SYN_B,48.2343,48.2633,47.0865,47.1302,3887902,47.1302
2022-10-12,SYN_B,47.3225,49.5684,46.7901,48.7908,7236007,48.7908
2022-10-13,SYN_B,48.4549,48.7484,47.1518,47.3644,5853658,47.3644
2022-10-14,SYN_B,47.2951,47.9581,47.2818,47.9311,4231345,47.9311
2022-10-17,SYN_B,47.9257,47.9402,47.6933,47.6988,5275340,47.6988
2022-10-18,SYN_B,48.2089,48.7994,47.8415,48.5030,8970230,48.5030
2022-10-19,SYN_B,48.6548,48.7246,46.8980,47.3725,3207365,47.3725
2022-10-20,SYN_B,47.3265,47.7920,47.1166,47.6513,8001341,47.6513
2022-10-21,SYN_B,47.8140,48.4933,47.3842,48.1266,4762460,48.1266
2022-10-24,SYN_B,48.2087,49.3251,48.0911,48.9351,4164291,48.9351
2022-10-25,SYN_B,48.8834,49.0762,48.4252,48.9876,3480345,48.9876
2022-10-26,SYN_B,48.7977,48.9140,48.0437,48.4270,8368281,48.4270
2022-10-27,SYN_B,48.3524,49.3019,48.0140,48.6612,4417212,48.6612
2022-10-28,SYN_B,48.7325,49.7915,48.6579,49.5593,3777767,49.5593
2022-10-31,SYN_B,49.6716,51.2445,48.9663,50.5175,4714981,50.5175
2022-11-01,SYN_B,50.6912,51.5661,50.5680,50.8958,5523612,50.8958
2022-11-02,SYN_B,50.6602,51.1599,50.5953,51.1595,4174524,51.1595
2022-11-03,SYN_B,51.2193,51.2631,50.9739,50.9745,4161109,50.9745
2022-11-04,SYN_B,50.9844,50.9890,49.3331,49.4298,13198899,49.4298
2022-11-07,SYN_B,49.6431,49.9303,48.4531,48.6157,3840979,48.6157
2022-11-08,SYN_B,48.4478,50.1544,47.5308,49.2496,7606278,49.2496
2022-11-09,SYN_B,49.2189,49.8725,48.9466,49.7349,2734297,49.7349
2022-11-10,SYN_B,49.7596,49.9935,48.8831,49.2446,8477114,49.2446
2022-11-11,SYN_B,49.3918,49.4163,47.6470,47.6776,4166586,47.6776
2022-11-14,SYN_B,47.7262,48.8200,47.7130,48.8064,6870184,48.8064
2022-11-15,SYN_B,48.8359,49.8368,48.3993,49.1156,7388851,49.1156
2022-11-16,SYN_B,49.1665,49.5911,48.0734,48.3253,5004208,48.3253
2022-11-17,SYN_B,48.6294,49.0078,47.5484,47.5524,5560177,47.5524
2022-11-18,SYN_B,47.2215,47.2383,46.9700,47.0662,5894539,47.0662
2022-11-21,SYN_B,47.0878,47.1565,45.8632,46.1816,6337474,46.1816
2022-11-22,SYN_B,46.1509,47.4589,45.7243,47.3159,8035753,47.3159
2022-11-23,SYN_B,47.2920,47.8212,47.2598,47.7895,5105934,47.7895
2022-11-24,SYN_B,47.7431,49.5322,47.6458,49.4490,5294085,49.4490
2022-11-25,SYN_B,49.3929,51.0314,49.3633,50.4992,9312211,50.4992
2022-11-28,SYN_B,50.4399,51.5914,48.4132,49.1538,9409137,49.1538
2022-11-29,SYN_B,49.1416,51.4303,48.8054,50.9196,4647250,50.9196
2022-11-30,SYN_B,50.8862,50.9576,50.2417,50.3640,5327238,50.3640
2022-12-01,SYN_B,50.6854,50.7953,49.4664,49.7005,4402810,49.7005
2022-12-02,SYN_B,49.9176,50.5445,48.7108,49.3918,3720783,49.3918
2022-12-05,SYN_B,49.4358,50.2315,49.3567,50.1961,5257032,50.1961
2022-12-06,SYN_B,49.9285,50.1422,49.5136,49.6070,4457686,49.6070
2022-12-07,SYN_B,49.6089,50.5119,49.3340,50.0927,5804106,50.0927
2022-12-08,SYN_B,50.1015,50.2126,49.8371,50.0026,4384703,50.0026
2022-12-09,SYN_B,50.2457,50.7970,49.9923,50.4054,6093917,50.4054
2022-12-12,SYN_B,50.6041,51.3386,50.5076,51.2087,7075206,51.2087
2022-12-13,SYN_B,51.1748,51.4081,49.6441,49.6684,5308240,49.6684
2022-12-14,SYN_B,49.6221,49.7120,49.3774,49.4560,6655918,49.4560
2022-12-15,SYN_B,49.9759,50.0595,49.0316,49.0549,7922207,49.0549
2022-12-16,SYN_B,48.9836,49.2926,47.3667,47.6534,6514510,47.6534
2022-12-19,SYN_B,47.4845,47.5002,46.5892,46.6059,3890980,46.6059
2022-12-20,SYN_B,46.4707,47.4565,45.9894,47.1765,3545893,47.1765
2022-12-21,SYN_B,46.9402,48.3169,46.9024,48.2940,6027687,48.2940
2022-12-22,SYN_B,47.9388,48.0134,46.7095,46.7834,6049340,46.7834
2022-12-23,SYN_B,46.7164,47.1047,45.4397,45.4881,3445148,45.4881
2022-12-26,SYN_B,45.6008,45.7147,44.6961,44.7164,4884432,44.7164
2022-12-27,SYN_B,44.7322,45.1495,44.7162,45.1307,3634119,45.1307
2022-12-28,SYN_B,45.3352,45.8673,44.4469,44.8939,5663133,44.8939
2022-12-29,SYN_B,44.7953,46.5556,44.7830,45.9720,5633660,45.9720
2022-12-30,SYN_B,46.1360,46.3533,44.9969,45.1401,8263354,45.1401
2023-01-02,SYN_B,45.4512,45.9269,44.6026,44.6998,7220842,44.6998
2023-01-03,SYN_B,44.6943,44.7327,44.1410,44.1423,3272984,44.1423
2023-01-04,SYN_B,44.1518,44.7746,43.7620,43.9687,9290967,43.9687
2023-01-05,SYN_B,44.1260,44.3062,43.0003,44.2294,4590842,44.2294
2023-01-06,SYN_B,44.0277,44.0396,43.3316,43.4102,9007952,43.4102
2023-01-09,SYN_B,43.3930,43.4308,43.0843,43.1421,5757387,43.1421
2023-01-10,SYN_B,43.1216,43.2923,41.8179,41.9801,3220060,41.9801
2023-01-11,SYN_B,41.7906,41.8773,41.1166,41.1539,5510174,41.1539
2023-01-12,SYN_B,41.1450,41.9938,40.6543,41.3920,3914531,41.3920
2023-01-13,SYN_B,41.6521,42.4831,40.8600,41.6554,4096630,41.6554
2023-01-16,SYN_B,41.6486,42.1228,41.3702,41.8563,5260372,41.8563
2023-01-17,SYN_B,41.8880,41.9612,41.8564,41.9331,5348949,41.9331
2023-01-18,SYN_B,42.0095,42.2212,41.2275,41.7556,5382760,41.7556
2023-01-19,SYN_B,41.6973,41.8757,40.8985,41.1914,3352748,41.1914
2023-01-20,SYN_B,41.2380,41.7001,40.9690,40.9915,9925394,40.9915
2023-01-23,SYN_B,41.2057,41.9630,40.6436,41.6741,5287196,41.6741
2023-01-24,SYN_B,41.6366,41.6488,40.3034,40.3393,5764417,40.3393
2023-01-25,SYN_B,40.2704,41.2367,39.6782,40.2056,4062601,40.2056
2023-01-26,SYN_B,40.1489,40.8520,38.9855,39.4773,8586803,39.4773
2023-01-27,SYN_B,39.6389,39.6579,37.7698,37.7731,6614034,37.7731
2023-01-30,SYN_B,37.7533,37.8415,37.0837,37.2297,5112835,37.2297
2023-01-31,SYN_B,37.3783,38.4082,37.3709,38.3978,5797330,38.3978
2023-02-01,SYN_B,38.2940,39.1742,38.1728,39.0266,7428994,39.0266
2023-02-02,SYN_B,39.0973,39.1250,38.8960,38.9349,5204505,38.9349
2023-02-03,SYN_B,39.2614,40.4382,38.7053,39.7204,3844817,39.7204
2023-02-06,SYN_B,39.6047,39.6102,39.5646,39.5660,4474801,39.5660
2023-02-07,SYN_B,39.6457,40.0020,38.7426,39.1572,3501032,39.1572
2023-02-08,SYN_B,39.1350,39.3590,39.1170,39.2586,3421654,39.2586
2023-02-09,SYN_B,39.0314,39.5036,38.7745,39.4248,8839868,39.4248
2023-02-10,SYN_B,39.3824,39.6701,39.0724,39.3038,4824127,39.3038
2023-02-13,SYN_B,39.1397,39.4631,38.7751,39.1655,6481604,39.1655
2023-02-14,SYN_B,39.1372,39.2368,37.8850,38.4596,5030938,38.4596
2023-02-15,SYN_B,38.4074,39.5723,38.2785,39.4306,7063172,39.4306
2023-02-16,SYN_B,39.3775,39.6409,38.1034,38.3179,2612165,38.3179
2023-02-17,SYN_B,38.3814,39.3845,38.3666,39.2108,5888174,39.2108
2023-02-20,SYN_B,39.3036,40.1819,39.0740,39.5466,4487050,39.5466
2023-02-21,SYN_B,39.6175,40.0713,39.5796,40.0355,7895311,40.0355
2023-02-22,SYN_B,40.0686,41.1873,39.9057,41.0026,4091110,41.0026
2023-02-23,SYN_B,41.1194,41.1408,40.2210,41.1242,6300775,41.1242
2023-02-24,SYN_B,41.3251,41.7707,40.5698,41.1247,4810975,41.1247
2023-02-27,SYN_B,41.2981,41.8761,41.0869,41.6217,9895538,41.6217
2023-02-28,SYN_B,41.6839,42.1938,41.5057,41.8851,4126329,41.8851
2023-03-01,SYN_B,41.8927,42.8120,40.8265,41.4439,9030235,41.4439
2023-03-02,SYN_B,41.3803,42.3924,41.1985,42.1460,4067789,42.1460
2023-03-03,SYN_B,42.2766,42.6483,42.2687,42.6246,3068409,42.6246
2023-03-06,SYN_B,42.6809,42.8765,42.5908,42.6354,7695849,42.6354
2023-03-07,SYN_B,42.8371,43.1682,41.9271,42.2275,7001435,42.2275
2023-03-08,SYN_B,42.3055,42.5448,39.8827,40.0903,4691764,40.0903
2023-03-09,SYN_B,40.0067,40.0233,39.6404,39.9148,6824386,39.9148
2023-03-10,SYN_B,39.9451,41.0858,36.6942,38.2318,5356020,38.2318
2023-03-13,SYN_B,38.2265,38.4104,37.1564,37.1893,5074797,37.1893
2023-03-14,SYN_B,37.1982,37.4971,37.0503,37.1620,5923684,37.1620
2023-03-15,SYN_B,37.2153,38.2999,37.1692,37.9561,3821908,37.9561
2023-03-16,SYN_B,37.9064,37.9530,37.8863,37.9221,5633794,37.9221
2023-03-17,SYN_B,37.9466,38.1893,37.5242,37.8539,4557007,37.8539
2023-03-20,SYN_B,37.8103,37.8532,37.1430,37.2263,2831069,37.2263
2023-03-21,SYN_B,37.1547,37.6215,37.0956,37.4700,7480504,37.4700
2023-03-22,SYN_B,37.3733,37.8769,36.0844,36.3366,6815059,36.3366
2023-03-23,SYN_B,36.2162,36.2167,35.4554,35.4566,6172301,35.4566
2023-03-24,SYN_B,35.5128,35.7986,34.6090,34.7708,6424964,34.7708
2023-03-27,SYN_B,34.6890,34.7028,34.0946,34.1030,3135133,34.1030
2023-03-28,SYN_B,34.0716,34.0763,33.6493,33.7055,5102515,33.7055
2023-03-29,SYN_B,33.7145,34.4118,33.1661,34.0929,6771942,34.0929
2023-03-30,SYN_B,34.1157,34.5028,32.8773,32.9349,7833889,32.9349
2023-03-31,SYN_B,32.9689,33.1391,32.6728,32.7732,6273183,32.7732
2023-04-03,SYN_B,32.8856,32.8932,31.8680,31.9165,3255836,31.9165
2023-04-04,SYN_B,32.0742,32.4845,31.9630,32.2038,4971858,32.2038
2023-04-05,SYN_B,32.1913,32.2478,31.7439,31.7659,4667538,31.7659
2023-04-06,SYN_B,31.6817,32.1353,31.0074,31.3578,12147988,31.3578
2023-04-07,SYN_B,31.1317,31.3407,30.3849,30.6611,8078845,30.6611
2023-04-10,SYN_B,30.6040,30.6298,30.0017,30.0024,7447780,30.0024
2023-04-11,SYN_B,29.9331,31.1010,29.7474,30.7247,8652918,30.7247
2023-04-12,SYN_B,30.6402,30.8344,29.8010,30.1440,3818743,30.1440
2023-04-13,SYN_B,30.3178,30.3314,29.2060,30.0242,6081887,30.0242
2023-04-14,SYN_B,29.9084,30.0269,29.5824,29.6827,5602333,29.6827
2023-04-17,SYN_B,29.8160,30.2824,29.2246,29.4670,6101471,29.4670
2023-04-18,SYN_B,29.4620,29.4771,28.8982,28.9111,4533634,28.9111
2023-04-19,SYN_B,28.8324,28.8390,28.0908,28.0912,3868959,28.0912
2023-04-20,SYN_B,28.0697,28.3451,28.0288,28.2732,8508441,28.2732
2023-04-21,SYN_B,28.2886,28.3540,28.1133,28.3034,3902547,28.3034
2023-04-24,SYN_B,28.2332,28.2411,27.9973,28.0718,5061675,28.0718
2023-04-25,SYN_B,28.0075,28.8551,27.7850,28.4317,4552121,28.4317
2023-04-26,SYN_B,28.4560,29.2527,28.2780,29.0019,9849620,29.0019
2023-04-27,SYN_B,29.0646,30.3342,28.4590,30.3050,5918868,30.3050
2023-04-28,SYN_B,30.3476,30.7722,30.3414,30.6149,9358620,30.6149
2023-05-01,SYN_B,30.6648,30.8229,30.5919,30.7591,6068184,30.7591
2023-05-02,SYN_B,30.9110,31.5383,30.5901,31.1562,3589217,31.1562
2023-05-03,SYN_B,31.3197,32.6135,31.1084,31.9989,9638487,31.9989
2023-05-04,SYN_B,31.8229,32.4763,31.4781,32.3429,12704091,32.3429
2023-05-05,SYN_B,32.4099,33.1505,31.7580,32.5882,8768414,32.5882
2023-05-08,SYN_B,32.4788,32.8486,31.6405,32.0684,7307532,32.0684
2023-05-09,SYN_B,31.9463,32.1372,31.1331,31.5315,3488774,31.5315
2023-05-10,SYN_B,31.4890,32.4822,31.3402,32.4275,6324906,32.4275
2023-05-11,SYN_B,32.5012,32.5291,31.3498,31.3531,4926065,31.3531
2023-05-12,SYN_B,31.3873,31.5640,31.2999,31.5235,13615978,31.5235
2023-05-15,SYN_B,31.5087,31.7528,30.0991,30.3129,5537706,30.3129
2023-05-16,SYN_B,30.1965,30.7896,28.9841,29.3429,3353982,29.3429
2023-05-17,SYN_B,29.2709,29.3762,28.8379,28.9591,10554091,28.9591
2023-05-18,SYN_B,28.9137,29.7354,28.9128,29.7348,8639070,29.7348
2023-05-19,SYN_B,29.8444,29.8566,29.2486,29.2664,3544567,29.2664
2023-05-22,SYN_B,29.2288,29.5877,29.1472,29.5532,5263149,29.5532
2023-05-23,SYN_B,29.5702,30.0450,29.3894,29.9907,6628258,29.9907
2023-05-24,SYN_B,29.9134,30.0666,29.3909,29.5841,3885587,29.5841
2023-05-25,SYN_B,29.5002,29.6381,29.4639,29.6076,4071837,29.6076
2023-05-26,SYN_B,29.5014,29.7063,28.9280,29.6871,3974207,29.6871
2023-05-29,SYN_B,29.6203,29.8418,29.4886,29.7011,4187547,29.7011
2023-05-30,SYN_B,29.8050,30.3683,29.7916,30.2635,6250941,30.2635
2023-05-31,SYN_B,30.1241,30.4206,29.9869,30.2524,5722027,30.2524
2023-06-01,SYN_B,30.2501,30.6590,30.0966,30.3571,6397665,30.3571
2023-06-02,SYN_B,30.2069,30.6449,29.1079,29.6042,4159083,29.6042
2023-06-05,SYN_B,29.6275,30.5620,29.5694,30.4722,12074086,30.4722
2023-06-06,SYN_B,30.4474,30.5872,29.9805,30.0451,7649717,30.0451
2023-06-07,SYN_B,30.0434,30.8008,30.0347,30.6902,9415836,30.6902
2023-06-08,SYN_B,30.6534,30.6610,30.1700,30.1967,4623020,30.1967
2023-06-09,SYN_B,30.1006,30.5598,29.3838,30.3221,12566909,30.3221
2023-06-12,SYN_B,30.6449,30.7575,30.6418,30.7564,6398465,30.7564
2023-06-13,SYN_B,30.7624,31.7034,30.5201,31.4768,4123613,31.4768
2023-06-14,SYN_B,31.3868,31.6683,31.2556,31.4520,8320655,31.4520
2023-06-15,SYN_B,31.4958,32.3692,31.0921,32.3074,7287458,32.3074
2023-06-16,SYN_B,32.4247,32.6303,32.3999,32.5262,9350400,32.5262
2023-06-19,SYN_B,32.2652,33.0344,32.0105,32.6559,10353972,32.6559
2023-06-20,SYN_B,32.6429,32.9179,32.4599,32.5498,6222058,32.5498
2023-06-21,SYN_B,32.7184,33.2298,32.6621,33.1681,6542545,33.1681
2023-06-22,SYN_B,33.0962,33.3799,33.0884,33.3534,3143964,33.3534
2023-06-23,SYN_B,33.1414,33.1444,31.5198,32.0766,4761239,32.0766
2023-06-26,SYN_B,32.2215,33.0153,32.2053,33.0080,5569832,33.0080
2023-06-27,SYN_B,33.0179,33.4860,32.1998,33.0348,6030901,33.0348
2023-06-28,SYN_B,33.0921,33.4536,32.8672,33.2836,3531719,33.2836
2023-06-29,SYN_B,33.1334,33.3672,32.1855,32.4167,6171611,32.4167
2023-06-30,SYN_B,32.5899,32.8603,31.6356,32.2455,2621908,32.2455
2023-07-03,SYN_B,32.2925,32.7276,32.1599,32.5621,8904745,32.5621
2023-07-04,SYN_B,32.5237,32.6673,31.5385,31.8706,4362174,31.8706
2023-07-05,SYN_B,31.9540,31.9829,31.6021,31.6227,7842492,31.6227
2023-07-06,SYN_B,31.6108,31.7248,29.7292,29.9902,6658670,29.9902
2023-07-07,SYN_B,29.7170,30.7552,29.6625,30.2995,7092104,30.2995
2023-07-10,SYN_B,30.2680,30.7622,30.2304,30.4165,4862606,30.4165
2023-07-11,SYN_B,30.4033,30.5234,30.0390,30.1111,6104758,30.1111
2023-07-12,SYN_B,30.1049,30.2530,30.0882,30.2382,8763102,30.2382
2023-07-13,SYN_B,30.2143,30.2196,29.9735,30.0507,4515579,30.0507
2023-07-14,SYN_B,30.2395,31.6513,30.1395,30.9539,5529019,30.9539
2023-07-17,SYN_B,31.1604,31.6723,31.1522,31.6351,6092255,31.6351
2023-07-18,SYN_B,31.5358,32.0525,30.2662,30.9560,5338206,30.9560
2023-07-19,SYN_B,30.8554,31.2917,30.1977,30.4089,4841530,30.4089
2023-07-20,SYN_B,30.4061,30.8700,30.2875,30.6837,3609336,30.6837
2023-07-21,SYN_B,30.6737,30.8855,30.0941,30.4565,5386140,30.4565
2023-07-24,SYN_B,30.5498,30.9033,29.3117,29.9700,3631382,29.9700
2023-07-25,SYN_B,30.1047,30.6926,29.6344,30.6157,5617826,30.6157
2023-07-26,SYN_B,30.5464,31.2069,30.5203,31.0242,4914717,31.0242
2023-07-27,SYN_B,31.0047,31.0083,30.7532,30.8033,3623375,30.8033
2023-07-28,SYN_B,30.7927,30.8198,30.6824,30.7181,6681681,30.7181
2023-07-31,SYN_B,30.7080,31.3356,30.6396,31.1799,3932864,31.1799
2023-08-01,SYN_B,31.1804,31.2511,31.0534,31.2445,5745336,31.2445
2023-08-02,SYN_B,31.1894,31.6405,30.8849,31.5747,7819028,31.5747
2023-08-03,SYN_B,31.3323,31.3954,30.2073,30.5658,4730660,30.5658
2023-08-04,SYN_B,30.5463,30.8244,29.7548,29.9497,3549409,29.9497
2023-08-07,SYN_B,29.9675,30.5962,29.8321,30.4859,3662673,30.4859
2023-08-08,SYN_B,30.6954,31.0475,30.0698,30.3237,4976722,30.3237
2023-08-09,SYN_B,30.4482,31.4040,30.1237,31.2223,8687318,31.2223
2023-08-10,SYN_B,31.1742,31.7890,31.0146,31.6272,3147726,31.6272
2023-08-11,SYN_B,31.5498,31.7045,30.7829,30.8436,2998417,30.8436
2023-08-14,SYN_B,30.7360,30.7619,30.7272,30.7613,5410691,30.7613
2023-08-15,SYN_B,30.7547,32.0732,30.1177,31.7000,5147986,31.7000
2023-08-16,SYN_B,31.8512,31.9533,31.1372,31.1684,8652090,31.1684
2023-08-17,SYN_B,31.1418,31.2442,30.0389,30.2100,4311839,30.2100
2023-08-18,SYN_B,30.0706,30.0990,29.3524,29.4015,5625581,29.4015
2023-08-21,SYN_B,29.4227,29.5223,29.0581,29.1396,4554251,29.1396
2023-08-22,SYN_B,28.8620,29.1794,28.7789,29.0266,9881899,29.0266
2023-08-23,SYN_B,29.0737,29.2808,28.7736,28.8885,3257539,28.8885
2023-08-24,SYN_B,28.7836,29.5356,28.7410,29.4421,8607756,29.4421
2023-08-25,SYN_B,29.4588,29.7479,29.3575,29.5424,4506301,29.5424
2023-08-28,SYN_B,29.7244,29.7425,28.9387,29.3199,4518351,29.3199
2023-08-29,SYN_B,29.3632,29.9292,29.2031,29.8346,4517914,29.8346
2023-08-30,SYN_B,29.8266,29.8661,29.0143,29.0622,8027365,29.0622
2023-08-31,SYN_B,28.9731,29.7328,28.8028,29.3275,8142550,29.3275
2023-09-01,SYN_B,29.2729,29.3117,28.0243,28.1432,2944613,28.1432
2023-09-04,SYN_B,28.1542,28.1754,28.0966,28.1350,7169620,28.1350
2023-09-05,SYN_B,28.3906,28.4454,28.0828,28.0910,6874604,28.0910
2023-09-06,SYN_B,28.1156,28.1434,28.1145,28.1419,5282963,28.1419
2023-09-07,SYN_B,28.1660,28.3951,27.6928,28.3821,2300809,28.3821
2023-09-08,SYN_B,28.5113,28.6370,28.1926,28.3948,4234342,28.3948
2023-09-11,SYN_B,28.3071,28.3199,28.0307,28.0626,5380546,28.0626
2023-09-12,SYN_B,28.1157,29.8310,28.0904,29.8028,4126251,29.8028
2023-09-13,SYN_B,29.7823,29.8133,29.1030,29.2011,7283097,29.2011
2023-09-14,SYN_B,29.1136,29.7364,29.0956,29.7221,6814112,29.7221
2023-09-15,SYN_B,29.6599,29.7935,29.5657,29.7649,5915820,29.7649
2023-09-18,SYN_B,29.7267,30.1922,29.7206,29.8585,4911956,29.8585
2023-09-19,SYN_B,29.7716,29.8352,29.0044,29.0531,6144695,29.0531
2023-09-20,SYN_B,29.1478,29.1856,29.0161,29.0353,10827184,29.0353
2023-09-21,SYN_B,28.9567,29.1636,27.7357,27.8168,8929986,27.8168
2023-09-22,SYN_B,27.8037,27.9124,27.0765,27.1810,5313150,27.1810
2023-09-25,SYN_B,27.1563,28.3875,27.0969,28.3318,3736376,28.3318
2023-09-26,SYN_B,28.3958,28.9253,28.3525,28.6371,5881829,28.6371
2023-09-27,SYN_B,28.8116,28.8134,28.0393,28.3444,3566430,28.3444
2023-09-28,SYN_B,28.3254,29.5079,28.3096,29.4857,6459682,29.4857
2023-09-29,SYN_B,29.4594,30.2584,28.8415,29.9391,6458124,29.9391
2023-10-02,SYN_B,29.8945,30.2035,29.8162,30.1116,7531955,30.1116
2023-10-03,SYN_B,30.2429,30.3838,30.1026,30.1235,10464252,30.1235
2023-10-04,SYN_B,30.3270,30.9775,30.0478,30.5265,9617538,30.5265
2023-10-05,SYN_B,30.3840,30.4300,30.2055,30.3951,5527863,30.3951
2023-10-06,SYN_B,30.5422,30.5606,29.4982,29.5184,10844921,29.5184
2023-10-09,SYN_B,29.5864,29.7194,29.1604,29.2958,4364820,29.2958
2023-10-10,SYN_B,29.3507,30.4676,29.1919,30.2799,4107987,30.2799
2023-10-11,SYN_B,30.4254,30.4921,29.8243,30.0385,4721610,30.0385
2023-10-12,SYN_B,30.0172,30.2139,29.6953,30.1349,5124997,30.1349
2023-10-13,SYN_B,30.3015,30.3855,29.7779,29.8691,9199699,29.8691
2023-10-16,SYN_B,29.7276,30.4512,29.5883,30.2900,4343747,30.2900
2023-10-17,SYN_B,30.1905,30.5153,29.6819,29.8954,8233821,29.8954
2023-10-18,SYN_B,29.9434,29.9540,29.8990,29.9082,6811015,29.9082
2023-10-19,SYN_B,29.8248,29.9041,29.2856,29.3793,5021056,29.3793
2023-10-20,SYN_B,29.3952,29.5153,29.0676,29.1593,9387655,29.1593
2023-10-23,SYN_B,28.9996,30.1177,28.8837,29.9234,6436120,29.9234
2023-10-24,SYN_B,29.8921,30.8738,29.7755,30.8360,6386965,30.8360
2023-10-25,SYN_B,30.7839,31.5405,30.5296,31.2978,12006399,31.2978
2023-10-26,SYN_B,31.2687,31.9697,30.7926,31.7450,8636835,31.7450
2023-10-27,SYN_B,31.7036,31.7877,30.5023,30.5311,5222147,30.5311
2023-10-30,SYN_B,30.5215,30.5577,30.2082,30.2413,6282205,30.2413
2023-10-31,SYN_B,30.2452,31.1555,30.2205,31.1434,4859884,31.1434
2023-11-01,SYN_B,31.2907,32.0914,31.1551,31.8606,4785130,31.8606
2023-11-02,SYN_B,31.9405,31.9782,31.2733,31.3648,4414071,31.3648
2023-11-03,SYN_B,31.3886,31.4269,30.7415,31.0501,10783439,31.0501
2023-11-06,SYN_B,31.1317,31.2852,30.7931,30.9838,6194309,30.9838
2023-11-07,SYN_B,30.9446,31.2375,29.5472,29.7771,9045821,29.7771
2023-11-08,SYN_B,29.6742,29.7388,28.6653,28.7327,5207115,28.7327
2023-11-09,SYN_B,28.7549,28.8538,28.5600,28.7864,7981200,28.7864
2023-11-10,SYN_B,28.9417,29.1943,28.5705,28.8289,3346668,28.8289
2023-11-13,SYN_B,28.7922,29.1380,28.7732,29.0646,4741881,29.0646
2023-11-14,SYN_B,29.2792,29.3081,29.2750,29.3075,4859033,29.3075
2023-11-15,SYN_B,29.4262,30.0524,29.4050,29.4209,3596132,29.4209
2023-11-16,SYN_B,29.3253,29.9804,29.2614,29.7628,5682242,29.7628
2023-11-17,SYN_B,29.7013,30.1718,29.4816,30.1132,4106658,30.1132
2023-11-20,SYN_B,30.2166,30.2861,29.9021,30.2300,5413203,30.2300
2023-11-21,SYN_B,30.2561,30.4654,29.7898,29.9070,7211492,29.9070
2023-11-22,SYN_B,30.0169,30.6802,29.8808,30.2698,9381272,30.2698
2023-11-23,SYN_B,30.0073,30.9873,29.8393,30.8319,5967194,30.8319
2023-11-24,SYN_B,30.8694,31.9106,30.7780,31.8676,7027426,31.8676
2023-11-27,SYN_B,32.0714,32.3213,31.1029,31.1498,5960646,31.1498
2023-11-28,SYN_B,31.2696,31.3102,30.9107,30.9319,5909724,30.9319
2023-11-29,SYN_B,30.9407,32.0698,30.5072,31.5032,8017607,31.5032
2023-11-30,SYN_B,31.5035,32.0341,31.3991,31.6718,4792625,31.6718
2023-12-01,SYN_B,31.7551,31.7969,31.2643,31.3426,8141267,31.3426
2023-12-04,SYN_B,31.3235,32.0333,30.8368,31.2267,4261601,31.2267
2023-12-05,SYN_B,31.1588,31.2995,30.6125,30.9347,2981972,30.9347
2023-12-06,SYN_B,30.8660,30.9835,30.3694,30.6048,4115895,30.6048
2023-12-07,SYN_B,30.4275,30.4960,30.4270,30.4818,6250230,30.4818
2023-12-08,SYN_B,30.4058,30.4362,30.1853,30.2256,4336741,30.2256
2023-12-11,SYN_B,30.0877,30.6035,29.3404,29.5247,3925942,29.5247
2023-12-12,SYN_B,29.5046,29.8865,28.6467,29.1192,5420081,29.1192
2023-12-13,SYN_B,29.3122,29.3822,29.3036,29.3377,7283032,29.3377
2023-12-14,SYN_B,29.3876,30.2040,29.3721,30.1779,9824044,30.1779
2023-12-15,SYN_B,30.0211,30.1367,29.7726,29.8416,3078644,29.8416
2023-12-18,SYN_B,29.8847,29.9335,29.3276,29.4326,4665287,29.4326
2023-12-19,SYN_B,29.4979,30.3938,29.4375,30.2993,4882230,30.2993
2023-12-20,SYN_B,30.3499,31.6131,30.2865,31.2284,11296020,31.2284
2023-12-21,SYN_B,31.0413,31.9855,30.6518,31.7962,6359936,31.7962
2023-12-22,SYN_B,31.8278,32.4912,31.8209,32.4543,6551031,32.4543
2023-12-25,SYN_B,32.4934,32.9595,32.3930,32.8664,3788716,32.8664
2023-12-26,SYN_B,32.7953,33.3600,32.6793,33.0194,5579211,33.0194
2023-12-27,SYN_B,32.9433,32.9810,32.9195,32.9782,4762532,32.9782
2023-12-28,SYN_B,33.1159,35.3650,32.1059,34.2027,4211846,34.2027
2023-12-29,SYN_B,34.2376,35.8111,33.9764,35.6773,3862680,35.6773
2022-01-03,SYN_C,210.2893,210.5789,209.0515,209.2565,1252343,209.2565
2022-01-04,SYN_C,209.6872,210.6949,208.1121,208.3939,413552,208.3939
2022-01-05,SYN_C,208.3099,209.7526,208.1193,209.5991,869726,209.5991
2022-01-06,SYN_C,209.0095,214.3816,208.4523,212.1001,1017509,212.1001
2022-01-07,SYN_C,212.5126,216.8386,212.0112,215.5723,1503119,215.5723
2022-01-10,SYN_C,216.0244,216.1935,215.1871,215.4009,868985,215.4009
2022-01-11,SYN_C,215.6005,216.8329,210.5669,211.9225,1410204,211.9225
2022-01-12,SYN_C,211.8828,214.1258,211.6330,213.5348,1271937,213.5348
2022-01-13,SYN_C,213.0561,213.1147,209.9741,210.0943,661728,210.0943
2022-01-14,SYN_C,209.9374,210.8888,209.2059,210.8564,1594810,210.8564
2022-01-17,SYN_C,210.8040,211.8051,210.1532,211.0015,1798182,211.0015
2022-01-18,SYN_C,210.9519,212.6326,210.9000,211.2092,650932,211.2092
2022-01-19,SYN_C,211.7140,211.9979,208.9590,209.2433,842725,209.2433
2022-01-20,SYN_C,208.8045,213.7934,208.2456,211.3866,354400,211.3866
2022-01-21,SYN_C,211.2168,213.4980,210.9270,212.7805,891748,212.7805
2022-01-24,SYN_C,213.5559,216.5981,212.4008,215.6026,789464,215.6026
2022-01-25,SYN_C,215.5098,218.1525,211.4604,213.9943,898664,213.9943
2022-01-26,SYN_C,213.3185,214.7163,209.6047,210.3259,652480,210.3259
2022-01-27,SYN_C,210.0735,211.1830,208.7557,209.3583,1101442,209.3583
2022-01-28,SYN_C,209.4473,210.8225,207.7891,209.7167,845443,209.7167
2022-01-31,SYN_C,209.7854,212.6475,208.6651,212.2445,934837,212.2445
2022-02-01,SYN_C,212.2147,214.4802,211.1480,212.7283,461400,212.7283
2022-02-02,SYN_C,212.5748,213.8710,212.1055,212.1732,586128,212.1732
2022-02-03,SYN_C,212.3829,214.5370,212.0964,214.1738,384766,214.1738
2022-02-04,SYN_C,214.5681,217.0459,212.5465,213.4831,463679,213.4831
2022-02-07,SYN_C,213.7104,214.5271,213.3332,214.2963,1180013,214.2963
2022-02-08,SYN_C,213.7585,218.3276,212.8240,216.7824,878212,216.7824
2022-02-09,SYN_C,216.7901,218.6670,216.6061,218.1647,951246,218.1647
2022-02-10,SYN_C,218.0282,219.3533,217.4887,219.1208,370390,219.1208
2022-02-11,SYN_C,218.9123,219.8718,218.5507,218.6485,766286,218.6485
2022-02-14,SYN_C,218.2425,219.3655,217.9914,219.0788,1149481,219.0788
2022-02-15,SYN_C,218.8205,220.4524,218.8040,220.4404,738194,220.4404
2022-02-16,SYN_C,220.7704,221.8798,215.9725,216.2956,449127,216.2956
2022-02-17,SYN_C,216.2870,217.0064,215.0735,215.2052,877637,215.2052
2022-02-18,SYN_C,215.6360,216.0516,214.3037,214.6035,1004157,214.6035
2022-02-21,SYN_C,214.3806,217.3670,213.3301,216.4751,525488,216.4751
2022-02-22,SYN_C,216.5935,217.9417,213.9843,215.3120,459248,215.3120
2022-02-23,SYN_C,215.1832,216.3731,211.2113,212.5205,914650,212.5205
2022-02-24,SYN_C,212.3627,214.3396,210.7858,212.4288,1021050,212.4288
2022-02-25,SYN_C,212.3061,212.5116,210.3650,210.5509,1204383,210.5509
2022-02-28,SYN_C,210.4404,211.4711,210.3299,211.2002,687437,211.2002
2022-03-01,SYN_C,211.6666,212.3554,210.1404,211.3258,1026561,211.3258
2022-03-02,SYN_C,211.9262,213.7598,211.7034,212.4985,637646,212.4985
2022-03-03,SYN_C,212.2798,216.4729,211.6560,215.6433,755417,215.6433
2022-03-04,SYN_C,215.3951,215.6324,214.7429,214.9577,870798,214.9577
2022-03-07,SYN_C,214.5056,217.0314,213.0268,216.8762,813565,216.8762
2022-03-08,SYN_C,217.2954,218.5598,217.0262,218.1831,686005,218.1831
2022-03-09,SYN_C,218.1671,218.1859,214.2874,214.3370,462464,214.3370
2022-03-10,SYN_C,214.5500,218.2705,213.5466,213.9477,1109116,213.9477
2022-03-11,SYN_C,213.8171,215.5711,213.5326,215.3778,693714,215.3778
2022-03-14,SYN_C,215.2974,216.0268,215.2010,216.0259,831125,216.0259
2022-03-15,SYN_C,215.9113,218.2986,211.0665,214.7550,741907,214.7550
2022-03-16,SYN_C,214.6379,214.7738,210.4906,212.0695,945111,212.0695
2022-03-17,SYN_C,212.0216,212.7867,211.5988,211.7576,1118585,211.7576
2022-03-18,SYN_C,211.8249,212.5638,209.4030,210.1551,866298,210.1551
2022-03-21,SYN_C,210.3378,210.5418,209.9829,210.0076,514397,210.0076
2022-03-22,SYN_C,209.8931,215.9667,209.1697,214.4627,959920,214.4627
2022-03-23,SYN_C,214.2886,216.6591,213.6340,215.2716,616596,215.2716
2022-03-24,SYN_C,214.7981,215.7024,212.5072,213.7773,529030,213.7773
2022-03-25,SYN_C,213.5140,213.5439,213.0446,213.2769,1144739,213.2769
2022-03-28,SYN_C,213.2246,214.8397,210.9716,214.7855,831145,214.7855
2022-03-29,SYN_C,214.5851,214.7239,212.7939,212.8370,899296,212.8370
2022-03-30,SYN_C,212.5094,213.4862,205.6746,208.7344,999112,208.7344
2022-03-31,SYN_C,208.5259,208.8620,206.6394,206.7229,473852,206.7229
2022-04-01,SYN_C,206.6856,209.7140,206.5064,209.6111,416146,209.6111
2022-04-04,SYN_C,209.1108,211.1131,209.0181,211.1100,562397,211.1100
2022-04-05,SYN_C,211.5381,213.4198,209.0604,212.2196,691238,212.2196
2022-04-06,SYN_C,211.9268,213.1137,209.5408,211.0458,685990,211.0458
2022-04-07,SYN_C,211.5561,211.9185,208.7180,209.5715,1632751,209.5715
2022-04-08,SYN_C,209.5458,212.0845,209.2094,209.6382,905537,209.6382
2022-04-11,SYN_C,209.6724,209.7680,208.2199,208.6760,839627,208.6760
2022-04-12,SYN_C,208.5454,208.5630,205.9118,206.4648,574664,206.4648
2022-04-13,SYN_C,207.1162,208.2314,205.6666,206.6444,749771,206.6444
2022-04-14,SYN_C,207.0902,210.2585,205.9701,209.1418,969392,209.1418
2022-04-15,SYN_C,209.3497,210.1599,206.7025,206.8839,1106873,206.8839
2022-04-18,SYN_C,207.1596,208.0598,206.7950,207.8189,817552,207.8189
2022-04-19,SYN_C,207.0709,207.4578,205.9291,206.0984,574680,206.0984
2022-04-20,SYN_C,206.2446,208.5857,201.2204,202.7734,529062,202.7734
2022-04-21,SYN_C,202.8874,206.9309,200.8002,205.9420,827813,205.9420
2022-04-22,SYN_C,205.6957,210.5355,204.2157,209.8027,537233,209.8027
2022-04-25,SYN_C,209.5740,212.1254,208.4980,211.3275,747598,211.3275
2022-04-26,SYN_C,211.4364,216.2020,210.0259,214.8140,800833,214.8140
2022-04-27,SYN_C,214.4447,215.5543,213.7975,214.6069,591159,214.6069
2022-04-28,SYN_C,214.3312,219.2759,212.4294,217.2356,460419,217.2356
2022-04-29,SYN_C,217.4138,218.1012,216.0522,217.1582,1070986,217.1582
2022-05-02,SYN_C,217.2235,217.7666,212.9300,214.2645,1266175,214.2645
2022-05-03,SYN_C,214.0659,214.9259,211.7551,213.0064,788413,213.0064
2022-05-04,SYN_C,213.0430,214.2069,212.3143,214.0973,588136,214.0973
2022-05-05,SYN_C,214.2265,216.2144,214.2069,216.1683,969532,216.1683
2022-05-06,SYN_C,216.3411,218.3012,213.2597,214.6769,983937,214.6769
2022-05-09,SYN_C,214.1585,214.1977,214.0076,214.1130,1190578,214.1130
2022-05-10,SYN_C,214.7234,216.3808,214.4511,216.3774,1888499,216.3774
2022-05-11,SYN_C,216.6138,216.6289,215.4250,215.4864,680161,215.4864
2022-05-12,SYN_C,215.8053,217.2056,213.7323,216.4933,937894,216.4933
2022-05-13,SYN_C,216.0530,217.7023,210.6033,212.3516,1010173,212.3516
2022-05-16,SYN_C,212.2282,215.1688,209.1261,211.1026,1154673,211.1026
2022-05-17,SYN_C,210.9673,213.6671,210.7635,212.6914,606356,212.6914
2022-05-18,SYN_C,212.9109,213.3347,211.2791,212.8075,1019030,212.8075
2022-05-19,SYN_C,213.0761,213.9711,208.4576,208.4943,658594,208.4943
2022-05-20,SYN_C,208.5834,212.2415,207.6084,211.2337,1038584,211.2337
2022-05-23,SYN_C,211.2448,212.1371,209.5218,210.3809,821929,210.3809
2022-05-24,SYN_C,210.3405,213.8076,209.5005,213.3023,759476,213.3023
2022-05-25,SYN_C,213.7172,215.3669,212.6611,214.7361,2116267,214.7361
2022-05-26,SYN_C,214.9552,215.1334,212.6499,212.7401,811394,212.7401
2022-05-27,SYN_C,212.7171,216.3019,210.0897,212.1776,680993,212.1776
2022-05-30,SYN_C,212.6602,214.5958,212.4767,214.5850,1029870,214.5850
2022-05-31,SYN_C,214.3780,215.1762,214.2268,214.7023,1095226,214.7023
2022-06-01,SYN_C,214.4048,216.2444,214.1545,216.2266,1096375,216.2266
2022-06-02,SYN_C,216.2094,216.5225,214.6042,215.4555,1473129,215.4555
2022-06-03,SYN_C,215.4632,219.1473,214.9620,218.3423,952445,218.3423
2022-06-06,SYN_C,218.7995,218.8307,218.0178,218.0384,536956,218.0384
2022-06-07,SYN_C,217.8353,218.4110,215.4775,217.0213,705030,217.0213
2022-06-08,SYN_C,217.6057,217.9519,215.9042,216.1524,466549,216.1524
2022-06-09,SYN_C,215.7970,216.0562,213.9146,214.6842,887755,214.6842
2022-06-10,SYN_C,215.1138,215.9409,215.0994,215.9388,522356,215.9388
2022-06-13,SYN_C,215.1113,217.0599,214.7706,216.6417,1458484,216.6417
2022-06-14,SYN_C,216.3989,217.0082,214.1094,214.5436,513665,214.5436
2022-06-15,SYN_C,214.4440,218.5685,213.4421,214.6888,478335,214.6888
2022-06-16,SYN_C,214.7785,216.2773,211.1569,212.0567,1303527,212.0567
2022-06-17,SYN_C,211.7837,212.7094,208.9924,209.6166,929025,209.6166
2022-06-20,SYN_C,209.7682,210.6076,209.0681,209.9316,823716,209.9316
2022-06-21,SYN_C,210.0049,213.1721,208.5205,210.3738,757121,210.3738
2022-06-22,SYN_C,210.1219,212.1437,205.9627,207.9655,518521,207.9655
2022-06-23,SYN_C,207.8586,208.2856,203.9403,205.3638,878621,205.3638
2022-06-24,SYN_C,205.7482,205.9505,204.1994,204.2129,935392,204.2129
2022-06-27,SYN_C,204.1317,204.4910,203.7163,203.8735,647426,203.8735
2022-06-28,SYN_C,204.0302,205.6044,203.4089,204.3650,1043700,204.3650
2022-06-29,SYN_C,204.4261,205.3319,204.3868,205.0684,676850,205.0684
2022-06-30,SYN_C,205.3195,205.6355,205.1859,205.2192,649686,205.2192
2022-07-01,SYN_C,204.8771,204.9843,204.7622,204.8731,798714,204.8731
2022-07-04,SYN_C,204.3290,205.6692,203.0139,205.0077,848258,205.0077
2022-07-05,SYN_C,204.6920,205.6999,204.0041,205.2863,1015026,205.2863
2022-07-06,SYN_C,205.2062,207.3044,204.4477,205.8629,1439466,205.8629
2022-07-07,SYN_C,206.2938,206.8734,204.2776,206.6918,465304,206.6918
2022-07-08,SYN_C,206.7757,206.8449,206.5887,206.7229,475094,206.7229
2022-07-11,SYN_C,206.2059,206.5357,203.5674,205.7632,1225644,205.7632
2022-07-12,SYN_C,205.0436,205.8275,204.2993,205.3579,546723,205.3579
2022-07-13,SYN_C,205.1122,208.6071,203.0722,206.3896,863972,206.3896
2022-07-14,SYN_C,206.5112,207.6015,206.4356,207.5753,1410406,207.5753
2022-07-15,SYN_C,207.2921,207.4670,205.2115,206.9403,727976,206.9403
2022-07-18,SYN_C,207.0248,208.1036,205.2685,205.4012,624635,205.4012
2022-07-19,SYN_C,205.1378,206.5047,204.4357,205.0120,844516,205.0120
2022-07-20,SYN_C,204.8576,207.5485,204.1084,206.9988,1200942,206.9988
2022-07-21,SYN_C,206.9985,208.0185,206.9786,207.6893,861882,207.6893
2022-07-22,SYN_C,207.8390,208.0787,205.2454,207.2461,1347770,207.2461
2022-07-25,SYN_C,207.1082,207.4661,201.8004,202.1397,825224,202.1397
2022-07-26,SYN_C,202.1712,202.2830,198.9274,198.9390,1711972,198.9390
2022-07-27,SYN_C,198.5105,199.1207,197.6535,197.9201,870526,197.9201
2022-07-28,SYN_C,198.5844,198.7817,196.4848,197.1135,676365,197.1135
2022-07-29,SYN_C,197.0704,199.0874,195.3275,197.2252,784729,197.2252
2022-08-01,SYN_C,196.9468,198.1698,196.8246,198.1534,1169965,198.1534
2022-08-02,SYN_C,198.0333,199.7256,197.7059,199.6506,773764,199.6506
2022-08-03,SYN_C,199.7390,201.3009,198.8986,200.0616,1260776,200.0616
2022-08-04,SYN_C,200.3019,202.2692,198.6868,201.6404,794730,201.6404
2022-08-05,SYN_C,201.1701,201.2079,200.7273,200.7484,958715,200.7484
2022-08-08,SYN_C,200.7059,202.2950,199.8578,201.2413,1535894,201.2413
2022-08-09,SYN_C,201.0052,201.2661,199.0301,200.2224,710142,200.2224
2022-08-10,SYN_C,199.8325,203.8751,199.3485,203.1723,818677,203.1723
2022-08-11,SYN_C,203.3125,204.5198,201.5369,201.6723,1293374,201.6723
2022-08-12,SYN_C,202.1654,205.6505,200.8446,204.4167,710283,204.4167
2022-08-15,SYN_C,204.6698,205.0791,204.6095,204.8310,1105770,204.8310
2022-08-16,SYN_C,204.6760,206.4605,204.0822,204.9081,1130349,204.9081
2022-08-17,SYN_C,205.2855,206.4933,205.2410,206.3926,745629,206.3926
2022-08-18,SYN_C,206.8330,209.4831,205.2402,205.3243,1486159,205.3243
2022-08-19,SYN_C,205.2944,205.9472,202.7772,203.0198,477494,203.0198
2022-08-22,SYN_C,203.6372,203.7233,200.6320,202.5147,606724,202.5147
2022-08-23,SYN_C,202.9230,207.7459,202.3585,207.0510,1082186,207.0510
2022-08-24,SYN_C,206.7848,212.2581,204.2013,207.6075,790241,207.6075
2022-08-25,SYN_C,208.0160,209.8099,203.8005,209.5888,1398327,209.5888
2022-08-26,SYN_C,209.2468,211.1830,204.3494,205.8011,749000,205.8011
2022-08-29,SYN_C,205.5189,208.6178,204.9353,205.1147,585025,205.1147
2022-08-30,SYN_C,204.9523,207.5714,203.2437,206.7822,421468,206.7822
2022-08-31,SYN_C,206.5629,209.3443,205.2060,208.0887,522198,208.0887
2022-09-01,SYN_C,208.3686,210.2596,208.1416,209.9243,389486,209.9243
2022-09-02,SYN_C,209.9803,210.6164,206.2473,206.4015,1134675,206.4015
2022-09-05,SYN_C,206.8207,209.1684,206.2304,209.0734,451179,209.0734
2022-09-06,SYN_C,208.4135,209.3383,206.4992,207.4731,883946,207.4731
2022-09-07,SYN_C,207.4213,210.8144,207.3228,210.4244,1182953,210.4244
2022-09-08,SYN_C,210.8082,212.0700,206.4933,207.4293,700631,207.4293
2022-09-09,SYN_C,207.1620,210.1122,206.6354,209.4432,1085579,209.4432
2022-09-12,SYN_C,209.2003,209.3200,209.0099,209.1907,789608,209.1907
2022-09-13,SYN_C,208.3514,210.4013,206.6339,209.5486,762270,209.5486
2022-09-14,SYN_C,209.4863,213.5972,208.1905,210.0617,717200,210.0617
2022-09-15,SYN_C,210.1234,211.8069,205.5139,207.4765,853699,207.4765
2022-09-16,SYN_C,207.0667,207.9463,206.6059,207.6333,1066335,207.6333
2022-09-19,SYN_C,207.8834,210.1693,207.4360,209.5067,543562,209.5067
2022-09-20,SYN_C,209.3251,212.5417,208.6672,211.3855,1036681,211.3855
2022-09-21,SYN_C,211.1081,215.2760,211.0576,213.5975,681529,213.5975
2022-09-22,SYN_C,213.4965,214.2747,211.4528,212.5508,776082,212.5508
2022-09-23,SYN_C,211.8817,213.2701,211.8788,213.1813,593476,213.1813
2022-09-26,SYN_C,213.4791,214.9142,211.3535,211.7782,899330,211.7782
2022-09-27,SYN_C,211.6674,213.2205,211.3446,212.7108,692101,212.7108
2022-09-28,SYN_C,212.6787,214.4576,211.4089,212.1529,1387980,212.1529
2022-09-29,SYN_C,212.0012,212.6611,209.7630,210.5610,725057,210.5610
2022-09-30,SYN_C,210.9375,214.6630,210.1399,213.3773,1042199,213.3773
2022-10-03,SYN_C,212.8762,214.1220,212.7100,213.9798,679042,213.9798
2022-10-04,SYN_C,214.1365,216.1459,213.9494,215.9020,714175,215.9020
2022-10-05,SYN_C,215.7718,216.1808,212.3359,212.5402,863941,212.5402
2022-10-06,SYN_C,212.8965,214.4415,211.4628,212.5275,858394,212.5275
2022-10-07,SYN_C,212.4874,213.0486,208.2140,209.1865,735846,209.1865
2022-10-10,SYN_C,209.6190,210.4180,207.4820,207.5873,812289,207.5873
2022-10-11,SYN_C,207.9407,207.9893,205.7928,205.9755,621423,205.9755
2022-10-12,SYN_C,205.7130,208.5828,204.6275,206.7980,1306445,206.7980
2022-10-13,SYN_C,206.9737,207.8140,203.8484,204.2896,1247988,204.2896
2022-10-14,SYN_C,204.1221,204.1542,200.5066,200.5935,544870,200.5935
2022-10-17,SYN_C,200.5626,200.9350,199.4125,199.9948,1632096,199.9948
2022-10-18,SYN_C,199.9426,204.2352,199.0360,202.6602,441938,202.6602
2022-10-19,SYN_C,202.4496,202.5122,198.9162,198.9979,1282370,198.9979
2022-10-20,SYN_C,198.6619,198.9426,197.7622,198.6968,1137344,198.6968
2022-10-21,SYN_C,198.4806,200.9551,198.4037,200.7389,1184216,200.7389
2022-10-24,SYN_C,201.0750,202.4140,200.4071,200.8599,1299725,200.8599
2022-10-25,SYN_C,201.0814,201.9906,200.3543,201.9065,349353,201.9065
2022-10-26,SYN_C,202.0968,206.0498,200.5180,204.2756,1076148,204.2756
2022-10-27,SYN_C,204.3401,205.9464,204.0980,204.7285,909083,204.7285
2022-10-28,SYN_C,204.4000,206.5467,204.3278,206.5376,648754,206.5376
2022-10-31,SYN_C,206.9099,208.1603,205.3138,205.7131,1238654,205.7131
2022-11-01,SYN_C,205.1699,209.0313,204.9884,208.9721,619665,208.9721
2022-11-02,SYN_C,209.1695,212.4629,207.7184,210.2244,760896,210.2244
2022-11-03,SYN_C,209.3052,209.3121,205.4019,205.4022,1420831,205.4022
2022-11-04,SYN_C,204.9061,205.0176,200.9869,202.5573,759169,202.5573
2022-11-07,SYN_C,203.0010,205.9036,202.0932,205.5774,788305,205.5774
2022-11-08,SYN_C,205.0198,205.0707,204.5336,204.5635,1792778,204.5635
2022-11-09,SYN_C,204.5417,205.2150,204.4766,205.0961,885639,205.0961
2022-11-10,SYN_C,205.1029,205.3249,203.0092,203.0543,1182496,203.0543
2022-11-11,SYN_C,202.5970,206.0878,197.2954,198.2883,1561153,198.2883
2022-11-14,SYN_C,198.1029,199.8862,197.0572,199.7896,379729,199.7896
2022-11-15,SYN_C,199.8388,200.8112,199.4603,200.3877,1162739,200.3877
2022-11-16,SYN_C,200.0231,200.7373,199.9872,200.7124,1603134,200.7124
2022-11-17,SYN_C,201.0250,201.7253,195.0257,196.1851,652069,196.1851
2022-11-18,SYN_C,196.4669,196.6609,194.1497,194.2589,809494,194.2589
2022-11-21,SYN_C,194.1543,194.8687,193.9666,194.3768,697459,194.3768
2022-11-22,SYN_C,194.1486,198.6344,193.5756,197.2046,992221,197.2046
2022-11-23,SYN_C,197.2095,197.3086,196.8856,197.0009,699478,197.0009
2022-11-24,SYN_C,197.0377,199.4203,196.9163,199.3930,1008184,199.3930
2022-11-25,SYN_C,199.0828,199.7605,195.2954,195.4697,761514,195.4697
2022-11-28,SYN_C,195.1812,195.9015,192.6820,193.2006,929635,193.2006
2022-11-29,SYN_C,193.3526,194.1322,193.3048,194.0214,606180,194.0214
2022-11-30,SYN_C,194.1815,194.5645,191.4822,191.6220,1202351,191.6220
2022-12-01,SYN_C,191.6470,191.8914,188.5459,189.1835,697614,189.1835
2022-12-02,SYN_C,189.3746,190.2108,187.4971,188.4493,598603,188.4493
2022-12-05,SYN_C,188.3171,191.2438,186.4561,189.8830,918377,189.8830
2022-12-06,SYN_C,189.6793,190.6835,188.4425,189.1912,851383,189.1912
2022-12-07,SYN_C,188.9947,190.4932,188.9421,190.2412,1297408,190.2412
2022-12-08,SYN_C,190.0054,190.1496,188.6248,188.8092,781114,188.8092
2022-12-09,SYN_C,188.5080,190.0966,186.7992,189.6157,824708,189.6157
2022-12-12,SYN_C,189.3022,190.0769,188.4793,189.8558,1247439,189.8558
2022-12-13,SYN_C,190.1378,190.1838,189.3590,189.3692,1027469,189.3692
2022-12-14,SYN_C,189.2732,189.6018,188.2159,188.8228,330696,188.8228
2022-12-15,SYN_C,188.5574,189.4440,187.7187,187.8452,731186,187.8452
2022-12-16,SYN_C,188.1133,190.0883,186.3826,187.6073,1139089,187.6073
2022-12-19,SYN_C,186.9636,187.2770,184.1662,184.4792,1478538,184.4792
2022-12-20,SYN_C,184.0785,184.4796,183.6195,184.3733,516355,184.3733
2022-12-21,SYN_C,184.2888,187.3852,184.2617,185.5592,1038830,185.5592
2022-12-22,SYN_C,185.3582,185.7814,184.4139,184.8588,869547,184.8588
2022-12-23,SYN_C,184.5479,187.2717,183.6241,184.5017,1310357,184.5017
2022-12-26,SYN_C,184.6817,185.5168,183.5428,184.3669,527421,184.3669
2022-12-27,SYN_C,184.7384,185.4913,184.2741,185.0366,1401174,185.0366
2022-12-28,SYN_C,184.8674,186.1311,184.6510,185.5507,681302,185.5507
2022-12-29,SYN_C,185.6892,186.0693,184.1666,185.3926,1224625,185.3926
2022-12-30,SYN_C,185.8703,186.0193,185.1524,185.1569,2094552,185.1569
2023-01-02,SYN_C,185.0197,185.1379,182.5597,183.4870,430450,183.4870
2023-01-03,SYN_C,183.0641,186.0093,180.7812,184.1025,963406,184.1025
2023-01-04,SYN_C,183.8412,186.3396,182.6186,183.6189,1184306,183.6189
2023-01-05,SYN_C,183.6631,184.9653,183.5637,184.2200,879543,184.2200
2023-01-06,SYN_C,184.2469,184.4882,181.7874,182.7044,1480838,182.7044
2023-01-09,SYN_C,183.0002,184.9252,182.5182,184.7359,1141285,184.7359
2023-01-10,SYN_C,184.7550,186.2998,184.5250,185.6173,937822,185.6173
2023-01-11,SYN_C,185.4977,187.2493,182.2428,183.9460,1306967,183.9460
2023-01-12,SYN_C,184.4380,187.8044,184.3926,186.0104,994571,186.0104
2023-01-13,SYN_C,186.0355,186.8304,186.0156,186.8187,990072,186.8187
2023-01-16,SYN_C,187.0064,188.4848,186.9399,188.4248,738650,188.4248
2023-01-17,SYN_C,188.5543,188.6681,187.2115,187.4666,734968,187.4666
2023-01-18,SYN_C,187.5456,187.8272,187.5124,187.8224,836351,187.8224
2023-01-19,SYN_C,188.0240,188.9065,187.9935,188.9006,792537,188.9006
2023-01-20,SYN_C,188.3704,190.6097,188.1730,190.5072,1026730,190.5072
2023-01-23,SYN_C,190.8117,192.1285,190.3155,191.6446,1277513,191.6446
2023-01-24,SYN_C,191.4080,192.3201,189.8533,190.2952,737956,190.2952
2023-01-25,SYN_C,190.3616,193.1523,188.8820,192.2054,573431,192.2054
2023-01-26,SYN_C,191.8766,192.4473,189.7695,190.2697,780818,190.2697
2023-01-27,SYN_C,190.6095,191.9125,190.3599,191.5820,1086161,191.5820
2023-01-30,SYN_C,191.6648,193.0370,190.2216,191.6102,589578,191.6102
2023-01-31,SYN_C,191.9224,192.8699,191.9165,192.7791,648944,192.7791
2023-02-01,SYN_C,192.3927,195.3868,191.2440,194.5439,1843244,194.5439
2023-02-02,SYN_C,194.6195,196.0595,193.9335,195.5090,1179170,195.5090
2023-02-03,SYN_C,195.2673,197.0349,194.1310,196.9613,574668,196.9613
2023-02-06,SYN_C,196.6778,197.4273,192.8557,193.9771,768541,193.9771
2023-02-07,SYN_C,194.0424,195.3419,191.1130,191.3370,552194,191.3370
2023-02-08,SYN_C,191.1896,191.7307,190.6654,191.5519,958504,191.5519
2023-02-09,SYN_C,191.4988,193.8481,189.3967,190.8849,658423,190.8849
2023-02-10,SYN_C,190.6106,191.7127,190.1727,191.5108,865110,191.5108
2023-02-13,SYN_C,191.3552,191.9340,189.4484,190.3073,1314147,190.3073
2023-02-14,SYN_C,189.9551,191.2106,189.3809,191.1855,905917,191.1855
2023-02-15,SYN_C,191.3476,195.2202,191.2483,195.1252,793612,195.1252
2023-02-16,SYN_C,194.9786,195.2435,194.2090,195.0129,762346,195.0129
2023-02-17,SYN_C,195.1309,197.3855,194.6324,196.5210,707539,196.5210
2023-02-20,SYN_C,196.3557,196.8086,196.2894,196.7875,941873,196.7875
2023-02-21,SYN_C,196.4954,197.4784,195.9769,196.5689,774351,196.5689
2023-02-22,SYN_C,196.0726,196.6553,195.1282,195.7977,569107,195.7977
2023-02-23,SYN_C,195.8063,195.8103,194.7091,194.8290,895856,194.8290
2023-02-24,SYN_C,194.8752,197.4319,194.7539,197.3300,1072691,197.3300
2023-02-27,SYN_C,196.9915,200.1344,196.0839,197.4143,1333682,197.4143
2023-02-28,SYN_C,197.5152,197.9520,195.7508,196.0310,1415982,196.0310
2023-03-01,SYN_C,196.0302,196.3988,194.3963,194.5982,648144,194.5982
2023-03-02,SYN_C,195.1552,197.8582,195.1001,197.8479,1573933,197.8479
2023-03-03,SYN_C,197.6161,197.9220,196.5041,196.5798,911778,196.5798
2023-03-06,SYN_C,196.4676,198.3991,194.9893,197.9389,703824,197.9389
2023-03-07,SYN_C,197.4064,197.7611,196.4031,197.2607,840095,197.2607
2023-03-08,SYN_C,197.4869,197.5854,195.0272,195.3082,605358,195.3082
2023-03-09,SYN_C,194.8206,195.9238,193.8059,195.2171,747937,195.2171
2023-03-10,SYN_C,195.2055,195.4182,194.2334,194.4304,1462911,194.4304
2023-03-13,SYN_C,194.8157,196.0444,189.8609,192.0840,473903,192.0840
2023-03-14,SYN_C,192.3415,193.7589,190.6469,191.8841,1288186,191.8841
2023-03-15,SYN_C,191.8702,193.6059,191.6753,193.4258,897296,193.4258
2023-03-16,SYN_C,193.7713,195.7206,193.7365,195.5746,1496140,195.5746
2023-03-17,SYN_C,195.3744,196.0835,195.3316,196.0492,1046050,196.0492
2023-03-20,SYN_C,195.7291,195.9861,193.5725,193.7351,803230,193.7351
2023-03-21,SYN_C,194.0277,195.2311,193.9985,195.2304,871062,195.2304
2023-03-22,SYN_C,195.4115,195.8085,192.3402,192.6829,718937,192.6829
2023-03-23,SYN_C,192.1492,192.4803,190.5784,190.6409,746825,190.6409
2023-03-24,SYN_C,190.3926,190.8799,188.9963,189.4824,930348,189.4824
2023-03-27,SYN_C,189.5506,189.7142,184.8696,184.9723,1293637,184.9723
2023-03-28,SYN_C,184.7146,186.2565,184.4907,186.2082,771696,186.2082
2023-03-29,SYN_C,186.0542,186.6260,185.7712,186.3865,948693,186.3865
2023-03-30,SYN_C,187.0717,187.7054,183.4891,184.1709,2226176,184.1709
2023-03-31,SYN_C,184.8979,185.9786,184.8407,185.4368,835855,185.4368
2023-04-03,SYN_C,185.7078,186.6439,182.4432,182.9258,768928,182.9258
2023-04-04,SYN_C,182.8377,183.6394,182.8280,183.6380,675232,183.6380
2023-04-05,SYN_C,184.1972,184.6623,182.6218,183.8491,755454,183.8491
2023-04-06,SYN_C,183.8923,184.5836,183.5286,183.5779,1469168,183.5779
2023-04-07,SYN_C,184.1444,185.0697,183.8269,184.0934,531741,184.0934
2023-04-10,SYN_C,183.6945,184.3020,183.5309,184.2002,1120986,184.2002
2023-04-11,SYN_C,183.9900,186.5595,183.6896,186.4034,729346,186.4034
2023-04-12,SYN_C,186.3368,189.5448,186.3289,189.5381,589251,189.5381
2023-04-13,SYN_C,189.4166,189.8497,186.9922,189.6307,537102,189.6307
2023-04-14,SYN_C,189.4269,189.5044,188.9840,189.1067,1105989,189.1067
2023-04-17,SYN_C,188.9988,189.0381,187.4459,187.4662,1539043,187.4662
2023-04-18,SYN_C,187.1254,187.3373,186.5900,186.7699,2096455,186.7699
2023-04-19,SYN_C,187.1674,187.6162,186.1840,186.4737,1403064,186.4737
2023-04-20,SYN_C,186.1707,187.8788,185.8727,186.3960,1145335,186.3960
2023-04-21,SYN_C,186.8397,187.0742,184.8506,185.2038,958085,185.2038
2023-04-24,SYN_C,185.1135,185.1344,183.5121,183.5309,770153,183.5309
2023-04-25,SYN_C,183.1601,185.3025,181.6038,185.2368,1352467,185.2368
2023-04-26,SYN_C,184.9420,186.1763,184.7212,186.0493,1379734,186.0493
2023-04-27,SYN_C,186.1914,190.6310,184.4391,188.8810,978970,188.8810
2023-04-28,SYN_C,189.1729,190.1728,188.2364,189.3012,1568839,189.3012
2023-05-01,SYN_C,189.1956,191.4530,188.6895,190.9548,507421,190.9548
2023-05-02,SYN_C,190.8745,193.1722,189.8961,192.4529,1222657,192.4529
2023-05-03,SYN_C,192.5250,196.0687,192.0592,195.7162,690040,195.7162
2023-05-04,SYN_C,195.3689,197.5600,195.1838,197.2845,845777,197.2845
2023-05-05,SYN_C,197.4360,197.6520,196.5169,196.6919,1442810,196.6919
2023-05-08,SYN_C,196.8109,197.7921,196.1186,196.7987,947972,196.7987
2023-05-09,SYN_C,196.6748,196.7717,196.5872,196.6882,1544457,196.6882
2023-05-10,SYN_C,196.8133,199.9752,196.2267,198.5271,1636240,198.5271
2023-05-11,SYN_C,198.2268,199.8736,197.5412,198.4821,1553996,198.4821
2023-05-12,SYN_C,198.2117,200.0685,197.8271,199.8603,944796,199.8603
2023-05-15,SYN_C,199.6197,200.2148,199.3738,200.0717,742025,200.0717
2023-05-16,SYN_C,200.4874,200.6386,197.5352,197.7769,472805,197.7769
2023-05-17,SYN_C,197.1818,198.1510,197.1712,198.0019,1117376,198.0019
2023-05-18,SYN_C,197.9913,199.8927,197.1843,199.8428,740114,199.8428
2023-05-19,SYN_C,199.8056,199.8799,197.6938,199.2835,1038149,199.2835
2023-05-22,SYN_C,199.6019,201.1954,198.4243,199.8829,1067976,199.8829
2023-05-23,SYN_C,200.1507,200.9079,199.9012,200.6269,574013,200.6269
2023-05-24,SYN_C,200.4570,202.2595,198.4095,200.3625,1185117,200.3625
2023-05-25,SYN_C,199.7524,200.7835,198.6890,200.7111,713431,200.7111
2023-05-26,SYN_C,200.8813,200.9466,197.9270,198.1424,2435631,198.1424
2023-05-29,SYN_C,197.7699,197.8130,197.4010,197.7465,740400,197.7465
2023-05-30,SYN_C,198.0339,200.5647,197.8822,200.1714,1912479,200.1714
2023-05-31,SYN_C,200.3017,201.4856,199.2002,200.7476,1070972,200.7476
2023-06-01,SYN_C,201.1189,201.4215,198.9080,199.6903,1195527,199.6903
2023-06-02,SYN_C,199.8865,199.9038,198.6939,198.9331,1159421,198.9331
2023-06-05,SYN_C,199.0180,201.4932,198.6667,201.3375,1039293,201.3375
2023-06-06,SYN_C,201.2930,202.3751,197.7852,198.3029,813049,198.3029
2023-06-07,SYN_C,198.4750,201.1182,198.0715,200.3132,537904,200.3132
2023-06-08,SYN_C,200.5140,201.3071,199.8681,200.5250,641642,200.5250
2023-06-09,SYN_C,200.6655,204.4446,197.7645,201.4720,536111,201.4720
2023-06-12,SYN_C,201.0160,203.9854,199.7319,202.5242,1302593,202.5242
2023-06-13,SYN_C,202.4900,202.8289,202.2746,202.8250,1113701,202.8250
2023-06-14,SYN_C,202.7741,204.2971,200.9832,201.7734,652206,201.7734
2023-06-15,SYN_C,201.7806,204.0686,201.5083,203.6539,1207172,203.6539
2023-06-16,SYN_C,203.8396,206.8217,200.7905,202.8308,662340,202.8308
2023-06-19,SYN_C,202.9307,207.3338,200.3053,204.6196,1404617,204.6196
2023-06-20,SYN_C,204.8851,206.3072,203.7909,206.2929,368809,206.2929
2023-06-21,SYN_C,206.2198,207.3976,205.6647,207.2342,1025044,207.2342
2023-06-22,SYN_C,206.8935,212.4063,206.1144,210.5572,1113864,210.5572
2023-06-23,SYN_C,210.6311,213.0924,205.8971,208.3706,800232,208.3706
2023-06-26,SYN_C,209.1145,210.8032,207.3533,210.3742,493734,210.3742
2023-06-27,SYN_C,210.2945,212.8575,209.1647,211.3471,589996,211.3471
2023-06-28,SYN_C,211.4465,216.0806,211.1804,215.8768,852267,215.8768
2023-06-29,SYN_C,216.1447,216.9560,214.6952,216.2052,1121262,216.2052
2023-06-30,SYN_C,216.4587,220.2890,213.4102,217.1923,882095,217.1923
2023-07-03,SYN_C,217.6465,218.7382,217.6112,218.7148,2130115,218.7148
2023-07-04,SYN_C,217.9447,219.7775,216.4663,217.6046,781982,217.6046
2023-07-05,SYN_C,217.4595,217.5651,213.4988,213.7791,489793,213.7791
2023-07-06,SYN_C,213.4042,213.8784,211.8242,212.9877,479550,212.9877
2023-07-07,SYN_C,212.9672,215.7468,210.7364,215.1684,854414,215.1684
2023-07-10,SYN_C,215.4493,215.5174,213.7667,213.7737,989083,213.7737
2023-07-11,SYN_C,213.5493,213.6465,212.6803,212.8054,1683723,212.8054
2023-07-12,SYN_C,212.4117,215.2944,210.9041,214.2585,909460,214.2585
2023-07-13,SYN_C,213.8421,213.9285,212.7739,212.8515,1175721,212.8515
2023-07-14,SYN_C,213.1839,214.3401,212.1213,213.2383,943650,213.2383
2023-07-17,SYN_C,213.2104,215.7630,213.0883,215.4497,877297,215.4497
2023-07-18,SYN_C,215.1418,215.3485,212.4244,213.3016,861429,213.3016
2023-07-19,SYN_C,213.6109,216.3150,213.0275,213.2335,592488,213.2335
2023-07-20,SYN_C,212.8401,213.1544,210.6988,211.7394,667067,211.7394
2023-07-21,SYN_C,211.7585,213.4419,210.2216,212.2580,657167,212.2580
2023-07-24,SYN_C,212.4075,213.0723,208.4927,209.8339,811244,209.8339
2023-07-25,SYN_C,209.7759,211.2803,209.1061,210.5377,436839,210.5377
2023-07-26,SYN_C,210.4005,213.6868,210.2808,213.6601,763310,213.6601
2023-07-27,SYN_C,213.3047,213.3061,211.1238,211.1271,880252,211.1271
2023-07-28,SYN_C,211.1919,212.9374,209.0061,210.1488,684466,210.1488
2023-07-31,SYN_C,210.6532,210.7989,209.6444,210.7591,703551,210.7591
2023-08-01,SYN_C,210.6368,211.3427,210.0855,210.1298,863243,210.1298
2023-08-02,SYN_C,209.8819,212.6250,207.3576,209.1872,549700,209.1872
2023-08-03,SYN_C,208.7601,208.7934,205.8288,205.9778,557166,205.9778
2023-08-04,SYN_C,206.0565,206.1139,205.1147,205.4215,985835,205.4215
2023-08-07,SYN_C,205.0519,207.3470,204.3171,206.5897,604054,206.5897
2023-08-08,SYN_C,206.3358,206.6161,205.1337,205.1963,700016,205.1963
2023-08-09,SYN_C,205.1699,207.8776,204.6158,207.1313,582658,207.1313
2023-08-10,SYN_C,207.4517,211.2082,201.5389,207.6459,1447291,207.6459
2023-08-11,SYN_C,207.6570,207.7051,204.1998,204.2279,761878,204.2279
2023-08-14,SYN_C,204.7052,205.9615,203.7779,204.5036,718866,204.5036
2023-08-15,SYN_C,204.4887,206.4659,204.3710,206.3242,600379,206.3242
2023-08-16,SYN_C,206.1598,206.3617,206.0092,206.2746,2037673,206.2746
2023-08-17,SYN_C,205.8785,206.3060,205.8716,206.2599,761214,206.2599
2023-08-18,SYN_C,206.5559,206.8650,204.6206,204.6879,1323369,204.6879
2023-08-21,SYN_C,204.4911,206.7928,199.5743,201.4830,825136,201.4830
2023-08-22,SYN_C,201.4786,203.5908,200.3929,202.5918,1432017,202.5918
2023-08-23,SYN_C,202.9075,203.0072,199.4422,199.6144,847514,199.6144
2023-08-24,SYN_C,199.4894,200.4348,198.6723,200.1204,716415,200.1204
2023-08-25,SYN_C,200.7354,200.7450,200.2685,200.2893,1832098,200.2893
2023-08-28,SYN_C,200.6989,202.3030,200.5102,202.1547,790860,202.1547
2023-08-29,SYN_C,201.5374,204.1946,201.0976,204.0261,974341,204.0261
2023-08-30,SYN_C,204.0719,204.1228,201.0868,201.1202,674836,201.1202
2023-08-31,SYN_C,202.0362,205.5855,202.0261,205.1600,464172,205.1600
2023-09-01,SYN_C,204.9593,206.3860,203.8945,206.2473,467180,206.2473
2023-09-04,SYN_C,206.3513,210.5248,206.2379,207.4427,892237,207.4427
2023-09-05,SYN_C,207.2341,209.1449,207.1123,209.1223,402191,209.1223
2023-09-06,SYN_C,209.3383,212.5081,209.3313,212.3078,668702,212.3078
2023-09-07,SYN_C,212.0976,213.4483,211.5391,211.9301,543767,211.9301
2023-09-08,SYN_C,211.5431,213.4045,207.0452,209.1366,646037,209.1366
2023-09-11,SYN_C,208.8417,211.5191,208.1458,210.5271,1585035,210.5271
2023-09-12,SYN_C,210.7021,214.9731,210.5253,214.6000,664393,214.6000
2023-09-13,SYN_C,214.1581,214.5210,210.8249,211.2033,888773,211.2033
2023-09-14,SYN_C,211.6883,216.2652,211.3966,215.0837,919213,215.0837
2023-09-15,SYN_C,214.7879,215.2162,213.3044,213.5516,370999,213.5516
2023-09-18,SYN_C,213.6984,218.6955,211.6568,216.9336,1211397,216.9336
2023-09-19,SYN_C,216.8316,218.8720,214.6282,216.7193,1235886,216.7193
2023-09-20,SYN_C,216.8099,217.1452,216.5547,216.7130,555140,216.7130
2023-09-21,SYN_C,216.9103,218.3004,213.5225,214.2535,776864,214.2535
2023-09-22,SYN_C,214.5411,215.2893,210.6568,211.2760,1038798,211.2760
2023-09-25,SYN_C,211.0564,218.8747,210.2047,215.6283,1151207,215.6283
2023-09-26,SYN_C,215.6803,216.1560,210.8658,211.5399,827215,211.5399
2023-09-27,SYN_C,211.4993,211.6672,210.8549,211.0899,977231,211.0899
2023-09-28,SYN_C,211.2500,214.2435,209.9984,212.7915,823522,212.7915
2023-09-29,SYN_C,213.1869,216.0847,210.3850,213.9232,865936,213.9232
2023-10-02,SYN_C,214.4474,215.1624,212.6234,212.6894,634037,212.6894
2023-10-03,SYN_C,212.4119,212.9054,212.3246,212.9006,1534894,212.9006
2023-10-04,SYN_C,213.4136,215.1890,211.1301,213.1194,1411405,213.1194
2023-10-05,SYN_C,213.4066,213.4478,212.7624,212.8021,469592,212.8021
2023-10-06,SYN_C,212.6760,212.7484,210.8174,212.3868,1099686,212.3868
2023-10-09,SYN_C,212.8415,212.8747,210.1367,210.1417,1120509,210.1417
2023-10-10,SYN_C,210.0071,212.8420,209.8413,212.5538,715694,212.5538
2023-10-11,SYN_C,213.1865,213.6204,213.1213,213.5194,671641,213.5194
2023-10-12,SYN_C,213.9044,216.0254,213.8307,215.8498,461059,215.8498
2023-10-13,SYN_C,216.1685,218.7926,212.1217,214.8084,960857,214.8084
2023-10-16,SYN_C,214.6538,215.1777,214.4956,214.9374,1221824,214.9374
2023-10-17,SYN_C,214.5547,214.5739,212.3007,212.3339,1267581,212.3339
2023-10-18,SYN_C,212.3660,214.2358,211.3732,213.3510,688662,213.3510
2023-10-19,SYN_C,213.3251,213.6429,213.2365,213.5709,621923,213.5709
2023-10-20,SYN_C,213.8075,214.3950,213.3323,213.7908,683795,213.7908
2023-10-23,SYN_C,214.3175,218.1066,213.2066,217.3296,888076,217.3296
2023-10-24,SYN_C,217.3995,220.0337,217.3190,219.9304,473780,219.9304
2023-10-25,SYN_C,220.1078,223.1049,219.4761,222.8036,921386,222.8036
2023-10-26,SYN_C,222.6703,224.9877,221.0402,221.1240,1068351,221.1240
2023-10-27,SYN_C,221.1616,221.8121,218.4290,219.5923,1082131,219.5923
2023-10-30,SYN_C,219.3652,221.1524,217.6279,218.8307,791207,218.8307
2023-10-31,SYN_C,218.7026,222.9914,218.5189,222.5330,451756,222.5330
2023-11-01,SYN_C,223.2972,226.5431,222.6806,226.5083,660102,226.5083
2023-11-02,SYN_C,226.4501,226.6224,223.0942,223.2153,1531852,223.2153
2023-11-03,SYN_C,222.4371,228.7518,221.6038,224.4623,776545,224.4623
2023-11-06,SYN_C,224.3959,227.9720,223.8801,226.4373,533595,226.4373
2023-11-07,SYN_C,227.2981,227.8143,222.5803,223.2492,539414,223.2492
2023-11-08,SYN_C,223.6957,225.8091,221.8406,223.4486,931579,223.4486
2023-11-09,SYN_C,223.5176,227.1207,222.7029,226.4180,1539427,226.4180
2023-11-10,SYN_C,226.9474,227.6304,226.5659,226.9271,1275954,226.9271
2023-11-13,SYN_C,226.7957,226.8015,226.6171,226.6283,434349,226.6283
2023-11-14,SYN_C,226.3342,228.7203,226.3332,228.7013,930124,228.7013
2023-11-15,SYN_C,229.0938,229.8709,228.7305,229.6241,607634,229.6241
2023-11-16,SYN_C,229.8571,231.2388,229.8063,231.0957,766912,231.0957
2023-11-17,SYN_C,230.9977,232.8752,229.0857,229.7636,1124918,229.7636
2023-11-20,SYN_C,229.9052,232.2525,228.6982,228.8962,1085342,228.8962
2023-11-21,SYN_C,228.4612,229.4761,225.7010,226.4737,314976,226.4737
2023-11-22,SYN_C,226.2535,226.9716,223.9127,225.0425,618416,225.0425
2023-11-23,SYN_C,225.5462,231.6102,224.9240,231.0133,474822,231.0133
2023-11-24,SYN_C,230.9174,231.4581,230.8752,231.3677,533133,231.3677
2023-11-27,SYN_C,231.4416,231.4458,227.8889,227.9906,517530,227.9906
2023-11-28,SYN_C,227.6108,229.1408,224.9519,225.2386,724009,225.2386
2023-11-29,SYN_C,225.0988,227.7076,224.9385,227.3150,607842,227.3150
2023-11-30,SYN_C,227.2102,227.3229,225.1729,225.4270,573002,225.4270
2023-12-01,SYN_C,225.1920,226.2483,225.1768,226.1885,974487,226.1885
2023-12-04,SYN_C,226.2089,227.6137,226.1331,227.5227,715530,227.5227
2023-12-05,SYN_C,227.3558,228.2494,224.6658,225.4493,847853,225.4493
2023-12-06,SYN_C,225.6661,228.9434,225.6580,228.8880,607196,228.8880
2023-12-07,SYN_C,228.8322,229.9929,226.6185,227.2228,1339497,227.2228
2023-12-08,SYN_C,227.0214,227.2326,223.2935,223.6880,790213,223.6880
2023-12-11,SYN_C,223.7796,224.2629,223.3894,223.7068,544262,223.7068
2023-12-12,SYN_C,224.2885,224.9523,222.7908,223.0372,674837,223.0372
2023-12-13,SYN_C,223.7788,228.5208,221.3916,224.3610,613410,224.3610
2023-12-14,SYN_C,224.2731,226.4304,220.5317,225.1862,728120,225.1862
2023-12-15,SYN_C,225.7124,225.8280,223.1991,223.4321,1011990,223.4321
2023-12-18,SYN_C,223.4892,225.2525,217.9269,220.2066,951460,220.2066
2023-12-19,SYN_C,220.5925,224.8171,219.5451,223.0105,577576,223.0105
2023-12-20,SYN_C,222.7591,228.5477,221.0716,226.6448,695653,226.6448
2023-12-21,SYN_C,226.7747,227.5890,226.0676,226.2106,731784,226.2106
2023-12-22,SYN_C,226.6931,229.2336,225.6461,229.0134,920167,229.0134
2023-12-25,SYN_C,228.6163,230.4467,228.5868,230.4271,950195,230.4271
2023-12-26,SYN_C,230.7627,232.2113,230.5307,232.2113,649443,232.2113
2023-12-27,SYN_C,232.1544,232.3569,229.8311,230.0509,1213139,230.0509
2023-12-28,SYN_C,229.7007,230.4320,229.0471,229.3546,1117760,229.3546
2023-12-29,SYN_C,229.5659,229.7252,228.8360,229.3809,1023051,229.3809
2022-01-03,SYN_D,32.0010,33.0025,31.9189,32.4641,3118243,32.4641
2022-01-04,SYN_D,32.4419,32.6774,32.1708,32.4790,3319868,32.4790
2022-01-05,SYN_D,32.5848,33.5432,32.2012,33.4460,3447950,33.4460
2022-01-06,SYN_D,33.4349,33.6278,32.9203,32.9209,2086936,32.9209
2022-01-07,SYN_D,33.0553,33.6190,33.0436,33.4357,2021250,33.4357
2022-01-10,SYN_D,33.6093,33.8597,32.6384,32.9122,3783702,32.9122
2022-01-11,SYN_D,32.8965,33.1280,32.3877,32.5834,4220219,32.5834
2022-01-12,SYN_D,32.5508,32.6529,32.3469,32.3922,3141899,32.3922
2022-01-13,SYN_D,32.3895,32.4645,32.0558,32.1092,4088343,32.1092
2022-01-14,SYN_D,32.2108,32.5563,31.6339,32.0552,2072153,32.0552
2022-01-17,SYN_D,32.0330,32.4032,31.3912,31.5965,3678081,31.5965
2022-01-18,SYN_D,31.5388,31.5430,31.3454,31.3461,3971208,31.3461
2022-01-19,SYN_D,31.3887,31.5555,31.2961,31.5480,1510885,31.5480
2022-01-20,SYN_D,31.5769,31.5865,31.5152,31.5175,2706246,31.5175
2022-01-21,SYN_D,31.5772,32.3989,31.4830,32.3046,2591036,32.3046
2022-01-24,SYN_D,32.3795,32.4344,32.3598,32.4316,2302708,32.4316
2022-01-25,SYN_D,32.4386,32.4652,32.0528,32.0648,3414551,32.0648
2022-01-26,SYN_D,32.0236,32.1362,31.7737,32.0953,3004275,32.0953
2022-01-27,SYN_D,32.1922,32.1938,31.7429,31.9601,3500710,31.9601
2022-01-28,SYN_D,32.0798,32.6490,31.7096,32.3637,1903618,32.3637
2022-01-31,SYN_D,32.4262,32.6229,32.3194,32.5728,2150055,32.5728
2022-02-01,SYN_D,32.5915,33.1992,32.3945,33.0141,3457678,33.0141
2022-02-02,SYN_D,32.9776,33.0880,32.5109,32.6106,2611257,32.6106
2022-02-03,SYN_D,32.5803,32.5840,32.3602,32.3641,4370988,32.3641
2022-02-04,SYN_D,32.2952,32.6012,32.2930,32.5941,2916494,32.5941
2022-02-07,SYN_D,32.4158,32.8842,32.2771,32.7646,1423626,32.7646
2022-02-08,SYN_D,32.8528,32.8537,32.6715,32.6985,3580142,32.6985
2022-02-09,SYN_D,32.7815,33.1280,32.7641,32.8289,2293435,32.8289
2022-02-10,SYN_D,32.7553,33.0280,32.4401,32.6505,2763537,32.6505
2022-02-11,SYN_D,32.5663,32.7992,31.8302,31.8605,1993215,31.8605
2022-02-14,SYN_D,32.0018,32.0504,31.3528,31.3869,2269109,31.3869
2022-02-15,SYN_D,31.5499,32.6139,31.1601,31.9528,4009842,31.9528
2022-02-16,SYN_D,31.9627,32.1166,31.3960,31.5069,4810308,31.5069
2022-02-17,SYN_D,31.4867,31.6399,30.7685,30.9708,4268396,30.9708
2022-02-18,SYN_D,30.9551,31.8351,30.0152,30.7285,1937003,30.7285
2022-02-21,SYN_D,30.8385,31.0924,30.8241,31.0378,1868638,31.0378
2022-02-22,SYN_D,30.9764,31.0121,30.8909,30.9172,2445610,30.9172
2022-02-23,SYN_D,30.8714,30.9066,30.3719,30.7309,2901485,30.7309
2022-02-24,SYN_D,30.6402,31.3397,30.6072,30.9184,1998566,30.9184
2022-02-25,SYN_D,30.8838,30.8949,30.8485,30.8857,2020006,30.8857
2022-02-28,SYN_D,30.9151,31.1093,30.9046,31.0958,2285731,31.0958
2022-03-01,SYN_D,31.0349,31.2196,30.9675,31.0742,1948278,31.0742
2022-03-02,SYN_D,31.0324,31.2386,30.5494,30.9169,4421862,30.9169
2022-03-03,SYN_D,30.9959,31.3643,30.8420,31.1498,1847616,31.1498
2022-03-04,SYN_D,31.1787,31.2452,30.9717,31.0655,2755817,31.0655
2022-03-07,SYN_D,31.2328,31.3705,30.3571,30.6450,4482369,30.6450
2022-03-08,SYN_D,30.7089,31.1932,30.6483,31.1469,2571449,31.1469
2022-03-09,SYN_D,31.2130,31.2385,31.0071,31.0302,4154296,31.0302
2022-03-10,SYN_D,31.0993,31.8067,30.8937,31.5203,3251446,31.5203
2022-03-11,SYN_D,31.6138,31.7367,31.1878,31.2931,4124045,31.2931
2022-03-14,SYN_D,31.3110,31.4718,31.1648,31.4237,1860047,31.4237
2022-03-15,SYN_D,31.4226,31.4625,30.2326,31.0209,2156044,31.0209
2022-03-16,SYN_D,31.1102,31.9606,31.0386,31.6969,2852748,31.6969
2022-03-17,SYN_D,31.6515,32.2881,30.9593,31.5802,2327223,31.5802
2022-03-18,SYN_D,31.6408,32.0155,31.1466,31.3626,3178447,31.3626
2022-03-21,SYN_D,31.3949,31.4034,30.8954,31.2500,3776060,31.2500
2022-03-22,SYN_D,31.1437,31.6102,31.1210,31.6054,3505656,31.6054
2022-03-23,SYN_D,31.5688,32.4008,31.4842,32.3078,1560376,32.3078
2022-03-24,SYN_D,32.2869,32.2986,32.0578,32.0651,3383831,32.0651
2022-03-25,SYN_D,32.0075,32.2695,31.9948,32.2508,2932579,32.2508
2022-03-28,SYN_D,32.3474,33.1549,32.3376,33.1413,4759550,33.1413
2022-03-29,SYN_D,33.2779,33.7820,33.1319,33.5554,3408323,33.5554
2022-03-30,SYN_D,33.6510,33.9866,33.5779,33.8919,3740341,33.8919
2022-03-31,SYN_D,33.8696,34.0587,33.8641,34.0498,1750142,34.0498
2022-04-01,SYN_D,34.0673,34.4042,34.0563,34.3257,1843896,34.3257
2022-04-04,SYN_D,34.3045,34.3792,34.1381,34.2566,2736576,34.2566
2022-04-05,SYN_D,34.2288,34.4321,34.1710,34.3879,2168754,34.3879
2022-04-06,SYN_D,34.5136,34.5159,34.1604,34.2310,2935229,34.2310
2022-04-07,SYN_D,34.2775,34.3341,33.9704,34.1983,3896218,34.1983
2022-04-08,SYN_D,34.2149,34.8165,34.0046,34.2514,3926596,34.2514
2022-04-11,SYN_D,34.2088,34.5805,34.0028,34.3252,5073057,34.3252
2022-04-12,SYN_D,34.1532,34.5546,34.0796,34.5396,2401228,34.5396
2022-04-13,SYN_D,34.3576,34.8170,34.1720,34.4388,3746276,34.4388
2022-04-14,SYN_D,34.4536,34.9503,34.3073,34.7665,3471825,34.7665
2022-04-15,SYN_D,34.7880,35.2473,34.6917,35.1669,3027716,35.1669
2022-04-18,SYN_D,35.1325,35.4006,35.0405,35.3035,4155907,35.3035
2022-04-19,SYN_D,35.2245,35.3352,34.9927,35.1022,2492771,35.1022
2022-04-20,SYN_D,35.0720,35.3413,35.0300,35.2947,2830215,35.2947
2022-04-21,SYN_D,35.2550,35.9957,35.0123,35.6638,2716963,35.6638
2022-04-22,SYN_D,35.5185,35.6168,34.9001,34.9001,3084287,34.9001
2022-04-25,SYN_D,34.9920,34.9956,34.6913,34.6971,2322640,34.6971
2022-04-26,SYN_D,34.8382,35.5467,34.1428,34.7914,2445107,34.7914
2022-04-27,SYN_D,34.7571,34.9743,34.4348,34.5334,1984796,34.5334
2022-04-28,SYN_D,34.4790,34.5092,33.8903,34.0524,2428492,34.0524
2022-04-29,SYN_D,34.1868,35.0467,33.6627,34.3013,2799983,34.3013
2022-05-02,SYN_D,34.3154,34.4260,34.2844,34.3596,4189898,34.3596
2022-05-03,SYN_D,34.1944,34.8908,34.1136,34.2944,2132648,34.2944
2022-05-04,SYN_D,34.3317,34.4612,33.9245,34.0113,1726810,34.0113
2022-05-05,SYN_D,34.2170,34.2580,33.6606,33.7392,2221223,33.7392
2022-05-06,SYN_D,33.6424,33.6702,33.4924,33.5805,2252408,33.5805
2022-05-09,SYN_D,33.6635,33.8107,33.2721,33.4540,3444397,33.4540
2022-05-10,SYN_D,33.6066,33.6077,33.1620,33.1635,3362974,33.1635
2022-05-11,SYN_D,33.0002,33.5552,32.9888,33.5452,3379048,33.5452
2022-05-12,SYN_D,33.4248,34.0347,32.8170,32.8861,3914579,32.8861
2022-05-13,SYN_D,32.7846,32.8437,32.6001,32.6329,3785947,32.6329
2022-05-16,SYN_D,32.6772,32.9689,32.4844,32.7213,3751381,32.7213
2022-05-17,SYN_D,32.5929,32.8547,31.9920,32.0486,4415743,32.0486
2022-05-18,SYN_D,32.0168,32.2154,32.0087,32.2019,2483795,32.2019
2022-05-19,SYN_D,32.1908,32.2255,32.1695,32.2080,4246240,32.2080
2022-05-20,SYN_D,32.1726,32.5928,32.1712,32.5921,3841939,32.5921
2022-05-23,SYN_D,32.5634,32.6538,32.3512,32.4264,2220013,32.4264
2022-05-24,SYN_D,32.2636,32.5052,32.2455,32.4982,2303847,32.4982
2022-05-25,SYN_D,32.5802,32.9021,32.2388,32.4498,5513344,32.4498
2022-05-26,SYN_D,32.6247,32.8717,32.4568,32.6709,2838785,32.6709
2022-05-27,SYN_D,32.6517,32.8491,32.5554,32.7454,3238216,32.7454
2022-05-30,SYN_D,32.7583,33.0944,32.7541,32.9534,4427074,32.9534
2022-05-31,SYN_D,32.8465,32.8526,32.7956,32.8115,3093933,32.8115
2022-06-01,SYN_D,32.8421,33.1707,32.7768,33.1401,1809057,33.1401
2022-06-02,SYN_D,33.2715,33.5659,33.2074,33.4616,2774098,33.4616
2022-06-03,SYN_D,33.5003,33.7739,33.4425,33.7361,2676993,33.7361
2022-06-06,SYN_D,33.7202,33.9934,33.3274,33.8592,4223266,33.8592
2022-06-07,SYN_D,33.9600,33.9685,33.7796,33.8090,3180663,33.8090
2022-06-08,SYN_D,33.7461,33.7927,33.3878,33.5361,2163134,33.5361
2022-06-09,SYN_D,33.5212,33.7974,33.0578,33.4429,3653200,33.4429
2022-06-10,SYN_D,33.4998,34.0031,33.4957,33.9110,3216805,33.9110
2022-06-13,SYN_D,33.8556,34.3434,33.7723,34.3251,2284003,34.3251
2022-06-14,SYN_D,34.2295,34.8049,34.2137,34.7815,2327743,34.7815
2022-06-15,SYN_D,34.7030,35.8407,34.6957,35.1850,2291274,35.1850
2022-06-16,SYN_D,35.1494,35.1626,34.8987,35.0177,3612472,35.0177
2022-06-17,SYN_D,35.0970,35.8891,34.2342,35.4245,3570103,35.4245
2022-06-20,SYN_D,35.4180,35.8170,35.2977,35.5798,4679372,35.5798
2022-06-21,SYN_D,35.5436,36.0646,35.2647,35.6111,2901217,35.6111
2022-06-22,SYN_D,35.5877,35.8609,34.6155,34.6362,2266045,34.6362
2022-06-23,SYN_D,34.6633,35.5566,34.5093,35.3162,3041263,35.3162
2022-06-24,SYN_D,35.3507,35.4261,34.9111,35.0538,6442351,35.0538
2022-06-27,SYN_D,34.8005,35.1913,34.5213,34.8020,3161831,34.8020
2022-06-28,SYN_D,34.9338,35.1301,34.8977,35.0902,4649368,35.0902
2022-06-29,SYN_D,34.9927,35.7675,34.9418,35.4619,6442003,35.4619
2022-06-30,SYN_D,35.3203,35.6077,35.0963,35.0966,2359419,35.0966
2022-07-01,SYN_D,35.1329,35.3991,35.0861,35.3915,2687085,35.3915
2022-07-04,SYN_D,35.3298,35.9401,34.8861,35.5632,4422809,35.5632
2022-07-05,SYN_D,35.5955,35.8785,34.7588,35.1308,3996240,35.1308
2022-07-06,SYN_D,35.1664,35.5277,35.0882,35.3137,3765454,35.3137
2022-07-07,SYN_D,35.5512,36.3833,35.4129,36.0516,2117947,36.0516
2022-07-08,SYN_D,36.0251,37.3847,35.8444,36.1259,2788343,36.1259
2022-07-11,SYN_D,36.2239,36.6998,35.4445,35.8328,2102027,35.8328
2022-07-12,SYN_D,35.8962,36.0162,34.9411,35.2539,3183102,35.2539
2022-07-13,SYN_D,35.2879,35.4486,34.3971,34.6231,5520175,34.6231
2022-07-14,SYN_D,34.4802,34.5781,34.0489,34.1119,4043871,34.1119
2022-07-15,SYN_D,34.1763,34.1796,33.6930,33.7088,3244167,33.7088
2022-07-18,SYN_D,33.8039,34.0704,33.1757,33.2397,6586838,33.2397
2022-07-19,SYN_D,33.3539,33.8731,33.3304,33.6326,2291235,33.6326
2022-07-20,SYN_D,33.5160,34.4341,33.5074,34.3222,4099996,34.3222
2022-07-21,SYN_D,34.2893,35.1717,33.9755,35.0411,1974380,35.0411
2022-07-22,SYN_D,35.0666,35.2110,34.6977,34.9068,1983495,34.9068
2022-07-25,SYN_D,34.7985,34.9872,34.2158,34.6365,2087589,34.6365
2022-07-26,SYN_D,34.5277,34.7423,34.5008,34.7332,2457724,34.7332
2022-07-27,SYN_D,34.7059,36.5846,33.5160,34.5449,6522853,34.5449
2022-07-28,SYN_D,34.4622,34.8565,33.7564,34.2158,4005080,34.2158
2022-07-29,SYN_D,34.2757,34.9382,33.9706,34.5213,3747386,34.5213
2022-08-01,SYN_D,34.5556,34.6751,33.7569,33.8320,5129067,33.8320
2022-08-02,SYN_D,33.7425,34.4745,33.6359,33.9849,1917086,33.9849
2022-08-03,SYN_D,33.9711,33.9893,33.5607,33.5776,3439448,33.5776
2022-08-04,SYN_D,33.7255,33.7982,33.6329,33.6838,4291130,33.6838
2022-08-05,SYN_D,33.6971,34.2835,33.0804,33.7793,2134530,33.7793
2022-08-08,SYN_D,33.6332,33.8223,32.8609,32.8958,3121049,32.8958
2022-08-09,SYN_D,32.8897,33.3398,32.8804,33.2853,3668838,33.2853
2022-08-10,SYN_D,33.3802,33.5910,32.5116,33.0042,3607219,33.0042
2022-08-11,SYN_D,33.0462,33.0519,32.8344,32.8402,2629177,32.8402
2022-08-12,SYN_D,32.7388,33.7680,32.6102,33.2756,2445478,33.2756
2022-08-15,SYN_D,33.3081,33.3993,32.5054,32.5932,2489974,32.5932
2022-08-16,SYN_D,32.5193,32.6132,31.9253,32.2083,4170589,32.2083
2022-08-17,SYN_D,32.2395,32.6550,32.0506,32.5013,4163925,32.5013
2022-08-18,SYN_D,32.6330,33.5377,32.5729,32.9182,2558207,32.9182
2022-08-19,SYN_D,32.8402,33.3726,32.2708,32.5497,5640877,32.5497
2022-08-22,SYN_D,32.4086,32.6682,32.0954,32.3197,2205667,32.3197
2022-08-23,SYN_D,32.2834,32.3475,32.0709,32.3096,1952988,32.3096
2022-08-24,SYN_D,32.2617,32.3147,31.9086,31.9821,1287713,31.9821
2022-08-25,SYN_D,32.0344,32.0962,31.7512,31.8323,2610727,31.8323
2022-08-26,SYN_D,31.6685,32.1412,31.4774,31.9953,2346253,31.9953
2022-08-29,SYN_D,31.9341,32.2954,31.8635,32.2516,4320543,32.2516
2022-08-30,SYN_D,32.2839,32.3052,32.1913,32.2723,3988774,32.2723
2022-08-31,SYN_D,32.2616,32.3059,31.7303,31.7505,3553664,31.7505
2022-09-01,SYN_D,31.8572,32.2506,31.8155,31.9378,2482628,31.9378
2022-09-02,SYN_D,32.0768,32.1177,31.8487,31.8697,3523707,31.8697
2022-09-05,SYN_D,31.8337,32.5875,31.6722,32.2442,3807304,32.2442
2022-09-06,SYN_D,32.2037,32.3203,32.1675,32.2567,3230661,32.2567
2022-09-07,SYN_D,32.3371,32.4845,32.1038,32.2834,4368274,32.2834
2022-09-08,SYN_D,32.2790,32.5809,31.9947,32.0168,2378183,32.0168
2022-09-09,SYN_D,32.0948,32.1417,31.9855,32.0905,3657646,32.0905
2022-09-12,SYN_D,32.0019,32.9552,31.9053,32.2494,2707375,32.2494
2022-09-13,SYN_D,32.2959,33.3332,32.2723,33.2939,2528731,33.2939
2022-09-14,SYN_D,33.2638,33.3228,33.2361,33.3178,1547382,33.3178
2022-09-15,SYN_D,33.3629,33.4374,32.9914,33.2438,2759510,33.2438
2022-09-16,SYN_D,33.2812,34.2535,33.2353,34.0123,3227052,34.0123
2022-09-19,SYN_D,34.1153,34.1851,33.6158,33.7280,1943807,33.7280
2022-09-20,SYN_D,33.7436,33.7703,33.4058,33.4131,2814309,33.4131
2022-09-21,SYN_D,33.5741,33.9064,33.5653,33.8704,3896469,33.8704
2022-09-22,SYN_D,33.8398,34.2489,33.7190,34.1390,2582013,34.1390
2022-09-23,SYN_D,34.2174,34.9906,33.8203,34.3550,3669190,34.3550
2022-09-26,SYN_D,34.3671,34.3711,33.6751,33.7292,3000953,33.7292
2022-09-27,SYN_D,33.7029,34.6548,33.5241,34.3509,4606148,34.3509
2022-09-28,SYN_D,34.3653,34.4007,34.0094,34.1653,3640420,34.1653
2022-09-29,SYN_D,34.0973,34.5352,34.0005,34.2987,3604042,34.2987
2022-09-30,SYN_D,34.1311,34.6512,33.9843,34.5482,4104412,34.5482
2022-10-03,SYN_D,34.5077,34.7856,34.0286,34.6982,2094261,34.6982
2022-10-04,SYN_D,34.7432,34.7834,34.7278,34.7701,2878540,34.7701
2022-10-05,SYN_D,34.7205,35.3269,34.4686,34.9876,2221259,34.9876
2022-10-06,SYN_D,35.0749,35.2082,34.8824,34.8909,5437146,34.8909
2022-10-07,SYN_D,34.8832,35.3948,34.5584,34.8016,4474638,34.8016
2022-10-10,SYN_D,34.8252,35.3778,34.7077,34.7979,3619595,34.7979
2022-10-11,SYN_D,34.9343,35.0721,34.8178,34.9568,3940028,34.9568
2022-10-12,SYN_D,34.9317,35.3666,34.9108,35.3201,2084765,35.3201
2022-10-13,SYN_D,35.3853,35.4244,35.3223,35.3544,2974415,35.3544
2022-10-14,SYN_D,35.2467,35.7044,34.5700,34.7897,1792733,34.7897
2022-10-17,SYN_D,34.7317,34.7769,34.3910,34.4513,3857686,34.4513
2022-10-18,SYN_D,34.4338,34.7045,34.3802,34.6786,3768686,34.6786
2022-10-19,SYN_D,34.4861,34.7211,33.8222,33.9155,2650473,33.9155
2022-10-20,SYN_D,33.9982,34.1113,33.4013,33.4370,4290747,33.4370
2022-10-21,SYN_D,33.4787,33.5960,33.2364,33.3758,3881314,33.3758
2022-10-24,SYN_D,33.3503,33.6349,32.8903,33.4152,3978183,33.4152
2022-10-25,SYN_D,33.3443,34.2380,32.9752,33.4838,1652770,33.4838
2022-10-26,SYN_D,33.4921,33.8961,33.4053,33.8909,3703652,33.8909
2022-10-27,SYN_D,33.7349,33.8944,32.8486,33.1165,4469386,33.1165
2022-10-28,SYN_D,33.0528,33.2113,32.8068,32.9026,3103664,32.9026
2022-10-31,SYN_D,32.9950,33.3166,32.2679,32.6347,4135160,32.6347
2022-11-01,SYN_D,32.5346,32.7034,32.4539,32.6757,3692965,32.6757
2022-11-02,SYN_D,32.6416,32.9089,32.5919,32.8702,4373015,32.8702
2022-11-03,SYN_D,32.9771,32.9806,32.7943,32.7953,3089717,32.7953
2022-11-04,SYN_D,32.8661,32.8905,32.7963,32.8027,2625756,32.8027
2022-11-07,SYN_D,32.7059,33.0016,31.9410,32.2399,1808402,32.2399
2022-11-08,SYN_D,32.2021,32.3701,31.7834,31.8586,2345292,31.8586
2022-11-09,SYN_D,31.8975,32.4358,31.8494,32.3775,1812390,32.3775
2022-11-10,SYN_D,32.3684,33.0414,32.3446,32.9336,3804801,32.9336
2022-11-11,SYN_D,32.9334,33.4340,32.2810,32.8503,2401514,32.8503
2022-11-14,SYN_D,32.7864,32.7980,32.4957,32.6062,4213484,32.6062
2022-11-15,SYN_D,32.5909,32.7204,32.1250,32.1342,4776995,32.1342
2022-11-16,SYN_D,32.1041,32.1574,31.8266,31.8581,3057231,31.8581
2022-11-17,SYN_D,31.8699,31.9214,31.4141,31.5456,1845485,31.5456
2022-11-18,SYN_D,31.6905,32.1069,31.6891,32.0396,2419717,32.0396
2022-11-21,SYN_D,32.1000,32.7787,32.0285,32.5516,3250652,32.5516
2022-11-22,SYN_D,32.4862,32.7943,32.1341,32.5960,2812225,32.5960
2022-11-23,SYN_D,32.6011,33.1829,32.3748,33.0271,3384587,33.0271
2022-11-24,SYN_D,33.1196,33.5840,32.9819,33.4382,2966403,33.4382
2022-11-25,SYN_D,33.4189,33.8087,32.7198,32.8568,4191702,32.8568
2022-11-28,SYN_D,32.9432,33.3394,32.2541,32.2704,2842499,32.2704
2022-11-29,SYN_D,32.3905,32.5715,32.1094,32.2177,1895079,32.2177
2022-11-30,SYN_D,32.2124,32.5734,32.1766,32.4834,3638553,32.4834
2022-12-01,SYN_D,32.5105,33.1968,32.1085,32.7307,2653456,32.7307
2022-12-02,SYN_D,32.7106,32.9531,32.6742,32.7750,3085152,32.7750
2022-12-05,SYN_D,32.9085,33.7078,32.6082,33.1228,3566062,33.1228
2022-12-06,SYN_D,32.9649,32.9930,32.6705,32.6932,3354956,32.6932
2022-12-07,SYN_D,32.8383,33.4003,32.5361,32.6714,3767167,32.6714
2022-12-08,SYN_D,32.5694,32.7617,32.5563,32.7499,1644877,32.7499
2022-12-09,SYN_D,32.6979,33.1804,32.5265,33.0120,2821526,33.0120
2022-12-12,SYN_D,32.9110,33.0197,32.6642,32.9899,3704531,32.9899
2022-12-13,SYN_D,33.1245,33.3610,32.9664,33.2234,5565270,33.2234
2022-12-14,SYN_D,33.0842,33.2015,32.3673,32.5125,1770720,32.5125
2022-12-15,SYN_D,32.6221,32.7729,32.5397,32.6795,4889759,32.6795
2022-12-16,SYN_D,32.6940,32.8251,32.6379,32.7749,3304990,32.7749
2022-12-19,SYN_D,32.7631,33.3172,32.6118,32.9197,4467524,32.9197
2022-12-20,SYN_D,32.9314,33.4880,32.0106,32.4565,3013835,32.4565
2022-12-21,SYN_D,32.4762,32.8333,32.4044,32.7622,1465149,32.7622
2022-12-22,SYN_D,32.8923,33.0480,32.7209,32.9952,2928182,32.9952
2022-12-23,SYN_D,33.1169,33.3298,32.3884,32.6056,3523507,32.6056
2022-12-26,SYN_D,32.6737,32.9081,32.5988,32.8472,5710240,32.8472
2022-12-27,SYN_D,32.8275,32.9363,32.6000,32.6303,3277981,32.6303
2022-12-28,SYN_D,32.6844,33.2751,32.4353,32.8760,4474100,32.8760
2022-12-29,SYN_D,32.7385,33.3383,32.7242,33.3225,1934386,33.3225
2022-12-30,SYN_D,33.2494,33.7104,32.8552,33.0426,2132666,33.0426
2023-01-02,SYN_D,33.1594,34.2104,33.1306,34.2079,4828142,34.2079
2023-01-03,SYN_D,34.1385,34.6370,33.3929,33.5052,4266219,33.5052
2023-01-04,SYN_D,33.4435,33.5266,33.2864,33.2984,3052565,33.2984
2023-01-05,SYN_D,33.3970,33.7961,32.5681,33.4410,4928836,33.4410
2023-01-06,SYN_D,33.4627,33.9827,33.0952,33.4193,3339752,33.4193
2023-01-09,SYN_D,33.2802,33.8877,32.9956,33.4491,1815668,33.4491
2023-01-10,SYN_D,33.4207,34.2420,32.3759,33.0872,2977652,33.0872
2023-01-11,SYN_D,33.0625,33.6957,33.0467,33.5997,2760770,33.5997
2023-01-12,SYN_D,33.6380,34.0361,33.4564,33.5227,5420424,33.5227
2023-01-13,SYN_D,33.3668,33.8914,33.2020,33.7686,3266284,33.7686
2023-01-16,SYN_D,33.8098,33.8196,32.9296,33.1354,2087781,33.1354
2023-01-17,SYN_D,33.0705,33.5592,32.7906,33.5092,2625140,33.5092
2023-01-18,SYN_D,33.2856,33.2882,33.1078,33.2530,3211978,33.2530
2023-01-19,SYN_D,33.3674,33.9424,33.2001,33.5394,4047737,33.5394
2023-01-20,SYN_D,33.6475,34.3641,33.5030,34.2317,2592253,34.2317
2023-01-23,SYN_D,34.3073,35.2554,33.8147,34.9326,4160970,34.9326
2023-01-24,SYN_D,34.9477,35.0385,33.2484,33.8883,2449852,33.8883
2023-01-25,SYN_D,34.0048,34.3196,33.9147,34.1956,1511046,34.1956
2023-01-26,SYN_D,34.0936,34.1958,33.4876,33.7665,4599182,33.7665
2023-01-27,SYN_D,33.6251,33.6376,33.4208,33.4260,6446343,33.4260
2023-01-30,SYN_D,33.5134,33.5290,33.0778,33.1128,1718406,33.1128
2023-01-31,SYN_D,33.2111,33.2213,33.0418,33.0842,2448250,33.0842
2023-02-01,SYN_D,33.1387,33.2800,33.0616,33.2344,4509484,33.2344
2023-02-02,SYN_D,33.2589,33.5242,33.2205,33.4983,2529561,33.4983
2023-02-03,SYN_D,33.6881,33.8233,33.6099,33.8019,2899180,33.8019
2023-02-06,SYN_D,33.8075,33.8349,33.7273,33.7437,3704141,33.7437
2023-02-07,SYN_D,33.6439,33.8485,33.6082,33.6954,4880518,33.6954
2023-02-08,SYN_D,33.8233,34.6304,33.5005,34.3704,2470959,34.3704
2023-02-09,SYN_D,34.2939,35.2965,33.9092,34.9001,1746872,34.9001
2023-02-10,SYN_D,34.9082,35.1548,34.4294,34.5482,3353164,34.5482
2023-02-13,SYN_D,34.4702,34.5559,34.4197,34.5398,2293413,34.5398
2023-02-14,SYN_D,34.4909,34.5532,34.4448,34.4772,5225812,34.4772
2023-02-15,SYN_D,34.6167,34.6227,34.4953,34.5127,1821718,34.5127
2023-02-16,SYN_D,34.5158,35.5368,34.3810,35.0237,1991600,35.0237
2023-02-17,SYN_D,35.0488,35.0775,34.9967,35.0227,3718429,35.0227
2023-02-20,SYN_D,34.9869,35.7189,34.8480,35.5589,3272045,35.5589
2023-02-21,SYN_D,35.5521,35.8578,35.3873,35.7460,4004781,35.7460
2023-02-22,SYN_D,35.6901,35.6906,35.5969,35.6104,3655596,35.6104
2023-02-23,SYN_D,35.6030,35.7673,35.0923,35.3493,4040132,35.3493
2023-02-24,SYN_D,35.3256,35.4787,34.7795,35.1042,4982221,35.1042
2023-02-27,SYN_D,35.0635,35.1289,34.3456,35.0015,2983732,35.0015
2023-02-28,SYN_D,34.9793,35.1363,34.8953,34.9788,4924876,34.9788
2023-03-01,SYN_D,34.9994,35.1682,34.6632,34.6763,4084707,34.6763
2023-03-02,SYN_D,34.6992,35.3757,34.5418,35.3321,2990942,35.3321
2023-03-03,SYN_D,35.4743,35.6464,34.5223,35.0526,2661354,35.0526
2023-03-06,SYN_D,35.1471,35.1471,35.1145,35.1146,2719641,35.1146
2023-03-07,SYN_D,35.1625,35.1680,34.8100,34.8462,2957894,34.8462
2023-03-08,SYN_D,34.8565,34.8949,33.9834,34.1883,3532583,34.1883
2023-03-09,SYN_D,34.2872,34.3292,33.7999,33.8697,1776214,33.8697
2023-03-10,SYN_D,33.8909,34.1095,33.6486,33.9746,3863235,33.9746
2023-03-13,SYN_D,34.0236,34.4630,33.9446,34.2880,3013857,34.2880
2023-03-14,SYN_D,34.3227,34.7824,34.3111,34.7751,1721827,34.7751
2023-03-15,SYN_D,34.8122,34.9009,34.7223,34.8343,2122737,34.8343
2023-03-16,SYN_D,34.9033,35.1137,34.8796,35.0780,2448322,35.0780
2023-03-17,SYN_D,34.9930,36.0535,34.8830,35.4548,2139684,35.4548
2023-03-20,SYN_D,35.4793,36.0235,35.1649,36.0175,2609998,36.0175
2023-03-21,SYN_D,36.0042,36.6133,34.9511,35.6661,1950617,35.6661
2023-03-22,SYN_D,35.7987,35.8056,35.0224,35.5062,3450632,35.5062
2023-03-23,SYN_D,35.3771,35.7253,34.7463,34.9925,4365455,34.9925
2023-03-24,SYN_D,35.1458,35.2659,34.5006,34.6224,2401104,34.6224
2023-03-27,SYN_D,34.6394,34.6890,34.3383,34.3872,1432242,34.3872
2023-03-28,SYN_D,34.4083,34.7965,34.3970,34.7594,2580348,34.7594
2023-03-29,SYN_D,34.8599,35.5748,34.5567,35.1952,2476727,35.1952
2023-03-30,SYN_D,35.1504,35.1767,35.0329,35.1086,4020393,35.1086
2023-03-31,SYN_D,35.0436,35.1003,34.7197,34.7227,3682873,34.7227
2023-04-03,SYN_D,34.7931,34.9214,33.5739,34.2386,3232492,34.2386
2023-04-04,SYN_D,34.4291,34.9258,33.5186,34.7864,2585860,34.7864
2023-04-05,SYN_D,34.7442,34.9804,34.6702,34.9691,2732537,34.9691
2023-04-06,SYN_D,35.0640,35.9030,35.0557,35.5432,6435015,35.5432
2023-04-07,SYN_D,35.5717,35.5729,35.1484,35.2475,4012347,35.2475
2023-04-10,SYN_D,35.3600,35.6075,34.7205,35.3539,4728255,35.3539
2023-04-11,SYN_D,35.2763,35.3482,35.0673,35.2432,3093602,35.2432
2023-04-12,SYN_D,35.2074,35.3066,34.8737,34.9509,3282724,34.9509
2023-04-13,SYN_D,34.9440,35.3204,34.9115,35.3059,2415873,35.3059
2023-04-14,SYN_D,35.3710,36.2675,34.4303,35.3353,3498040,35.3353
2023-04-17,SYN_D,35.2015,35.2289,35.1988,35.2255,3279233,35.2255
2023-04-18,SYN_D,35.0788,35.2588,34.4223,34.6117,5455599,34.6117
2023-04-19,SYN_D,34.6247,34.9714,34.4121,34.5144,2901705,34.5144
2023-04-20,SYN_D,34.6718,34.7155,34.1141,34.1698,2203572,34.1698
2023-04-21,SYN_D,34.0723,34.4048,33.5149,34.2427,4885012,34.2427
2023-04-24,SYN_D,34.1898,34.4429,33.7295,33.8551,1935261,33.8551
2023-04-25,SYN_D,33.8431,34.7775,33.7235,34.1089,2057443,34.1089
2023-04-26,SYN_D,34.1037,34.2726,33.9493,34.0769,3227033,34.0769
2023-04-27,SYN_D,34.0110,34.0529,33.0868,33.1727,4386304,33.1727
2023-04-28,SYN_D,33.3274,34.4955,33.1833,34.2601,2241806,34.2601
2023-05-01,SYN_D,34.1700,34.6912,33.4472,33.8277,2316573,33.8277
2023-05-02,SYN_D,33.8199,33.8389,33.3183,33.3972,3769379,33.3972
2023-05-03,SYN_D,33.5021,34.3364,33.4185,34.1032,2371415,34.1032
2023-05-04,SYN_D,34.2006,35.4252,33.9671,34.7855,5027758,34.7855
2023-05-05,SYN_D,34.8765,35.2260,34.8194,35.2022,2767412,35.2022
2023-05-08,SYN_D,35.3295,35.5543,34.7255,34.9884,3201508,34.9884
2023-05-09,SYN_D,35.1961,35.5850,35.0461,35.5737,3384723,35.5737
2023-05-10,SYN_D,35.6218,35.8139,35.4099,35.6589,1648972,35.6589
2023-05-11,SYN_D,35.7670,36.1420,35.5051,35.9665,5541321,35.9665
2023-05-12,SYN_D,35.9862,36.2111,35.7680,35.9178,2347480,35.9178
2023-05-15,SYN_D,35.9309,35.9772,35.8380,35.8765,3616337,35.8765
2023-05-16,SYN_D,35.7923,35.8347,35.1514,35.3751,4939686,35.3751
2023-05-17,SYN_D,35.2534,35.4061,34.3684,34.8577,2657404,34.8577
2023-05-18,SYN_D,34.9429,34.9441,34.4208,34.4265,5191518,34.4265
2023-05-19,SYN_D,34.4679,34.5893,33.9986,34.1074,4421760,34.1074
2023-05-22,SYN_D,34.0873,35.3420,34.0072,35.0883,1760850,35.0883
2023-05-23,SYN_D,35.0090,35.3408,34.2326,34.4845,1694018,34.4845
2023-05-24,SYN_D,34.4719,34.5592,33.7698,34.1355,1589526,34.1355
2023-05-25,SYN_D,34.2431,34.8253,34.0922,34.1273,2703904,34.1273
2023-05-26,SYN_D,34.0334,34.0517,33.6334,33.6792,2956823,33.6792
2023-05-29,SYN_D,33.7888,33.8390,33.7877,33.8379,2101560,33.8379
2023-05-30,SYN_D,33.9695,34.0355,33.9542,34.0310,2301870,34.0310
2023-05-31,SYN_D,34.0930,34.2900,33.6171,34.1680,3776361,34.1680
2023-06-01,SYN_D,34.2164,34.6376,33.9231,34.5378,1561721,34.5378
2023-06-02,SYN_D,34.6098,34.7711,34.3527,34.5468,3023960,34.5468
2023-06-05,SYN_D,34.4465,34.4958,33.8858,33.9887,1839947,33.9887
2023-06-06,SYN_D,34.0887,34.1784,33.5814,33.8029,3484492,33.8029
2023-06-07,SYN_D,33.6634,33.9521,33.1711,33.3785,1646542,33.3785
2023-06-08,SYN_D,33.3098,33.3129,32.9042,32.9118,2006376,32.9118
2023-06-09,SYN_D,33.0250,33.3681,32.9644,33.3389,2061232,33.3389
2023-06-12,SYN_D,33.3560,33.8153,33.2536,33.7231,1664809,33.7231
2023-06-13,SYN_D,33.6831,33.8811,33.6293,33.7950,3092201,33.7950
2023-06-14,SYN_D,33.8473,33.8548,33.6353,33.6395,1798303,33.6395
2023-06-15,SYN_D,33.7126,34.2179,33.3808,33.8820,7054880,33.8820
2023-06-16,SYN_D,34.1006,34.3303,34.0026,34.1509,1345239,34.1509
2023-06-19,SYN_D,34.2342,34.3341,33.7819,33.9365,4249926,33.9365
2023-06-20,SYN_D,34.0232,34.4102,33.5859,33.6362,3176163,33.6362
2023-06-21,SYN_D,33.7300,33.9252,33.1297,33.8809,3118963,33.8809
2023-06-22,SYN_D,33.9027,34.5373,33.8121,34.0343,2061890,34.0343
2023-06-23,SYN_D,33.8397,33.9484,33.4240,33.4942,5384652,33.4942
2023-06-26,SYN_D,33.4009,33.6361,32.9342,33.2192,2261922,33.2192
2023-06-27,SYN_D,33.2022,33.2808,32.8893,32.9865,4976613,32.9865
2023-06-28,SYN_D,33.0041,33.2027,32.9653,33.1624,2666658,33.1624
2023-06-29,SYN_D,33.0254,33.1935,32.9920,33.1877,3584850,33.1877
2023-06-30,SYN_D,33.2233,33.2915,33.1364,33.2556,4661779,33.2556
2023-07-03,SYN_D,33.3708,33.9104,33.1303,33.1484,3982823,33.1484
2023-07-04,SYN_D,33.1507,33.4089,33.1375,33.2734,4715794,33.2734
2023-07-05,SYN_D,33.1522,33.1523,33.0063,33.0063,1282619,33.0063
2023-07-06,SYN_D,32.9534,32.9579,32.7656,32.7657,3484077,32.7657
2023-07-07,SYN_D,32.8690,33.1345,32.8348,33.1295,4653226,33.1295
2023-07-10,SYN_D,33.1651,33.4787,32.9981,33.2176,1873430,33.2176
2023-07-11,SYN_D,33.1777,33.2373,33.0036,33.0778,3702098,33.0778
2023-07-12,SYN_D,33.2294,34.4861,32.7254,32.8314,3166801,32.8314
2023-07-13,SYN_D,32.8613,32.8652,31.5329,32.1005,2691599,32.1005
2023-07-14,SYN_D,32.0706,32.5842,31.8502,32.2524,3929885,32.2524
2023-07-17,SYN_D,32.1442,32.6964,31.8003,32.5705,3313627,32.5705
2023-07-18,SYN_D,32.6184,32.6271,32.4038,32.4190,3484382,32.4190
2023-07-19,SYN_D,32.2928,32.7757,31.9442,32.5827,4746673,32.5827
2023-07-20,SYN_D,32.4423,32.7633,32.1260,32.4723,2453750,32.4723
2023-07-21,SYN_D,32.4434,32.5233,32.3837,32.4997,2297016,32.4997
2023-07-24,SYN_D,32.4130,32.8998,32.3892,32.8872,2857683,32.8872
2023-07-25,SYN_D,32.9592,33.0796,32.8816,33.0719,3689551,33.0719
2023-07-26,SYN_D,33.1114,33.4698,33.0728,33.4578,1151386,33.4578
2023-07-27,SYN_D,33.3195,33.5074,33.2422,33.4680,3946219,33.4680
2023-07-28,SYN_D,33.4376,34.0242,33.4365,33.9617,4469562,33.9617
2023-07-31,SYN_D,33.9847,34.2378,33.5427,33.7128,3248871,33.7128
2023-08-01,SYN_D,33.7335,33.7339,33.2884,33.2886,4431748,33.2886
2023-08-02,SYN_D,33.2763,34.0996,32.9283,34.0259,3158338,34.0259
2023-08-03,SYN_D,34.1406,34.2361,33.6283,33.7914,3500816,33.7914
2023-08-04,SYN_D,33.7579,34.0717,33.7546,34.0479,2692494,34.0479
2023-08-07,SYN_D,34.0320,34.2206,34.0055,34.1187,3749869,34.1187
2023-08-08,SYN_D,33.9256,34.0187,33.7407,33.7958,2341774,33.7958
2023-08-09,SYN_D,33.6474,34.7603,33.3066,33.7370,2102842,33.7370
2023-08-10,SYN_D,33.7867,33.8233,33.5176,33.6269,2958035,33.6269
2023-08-11,SYN_D,33.5560,34.1946,33.4608,33.9847,3876602,33.9847
2023-08-14,SYN_D,33.9006,34.2978,33.7195,33.8583,3669582,33.8583
2023-08-15,SYN_D,33.8742,34.6098,33.7171,34.1906,3015672,34.1906
2023-08-16,SYN_D,34.1762,34.5645,32.8082,33.7361,2360524,33.7361
2023-08-17,SYN_D,33.6538,34.0918,33.6288,33.9574,2773525,33.9574
2023-08-18,SYN_D,33.9701,34.2017,33.8757,34.0422,2610702,34.0422
2023-08-21,SYN_D,33.9535,34.0402,33.6622,33.7572,2220668,33.7572
2023-08-22,SYN_D,33.7091,33.8918,33.0183,33.3982,3224581,33.3982
2023-08-23,SYN_D,33.4686,33.6579,33.3559,33.6503,3949951,33.6503
2023-08-24,SYN_D,33.7396,34.2965,33.6935,33.8793,6721897,33.8793
2023-08-25,SYN_D,33.9467,34.6205,33.6359,33.9071,1413693,33.9071
2023-08-28,SYN_D,33.9318,33.9739,33.6872,33.8238,3115783,33.8238
2023-08-29,SYN_D,33.9432,33.9457,33.7312,33.7407,8459069,33.7407
2023-08-30,SYN_D,33.8185,33.8917,32.5904,32.8986,2709602,32.8986
2023-08-31,SYN_D,32.7504,33.2330,32.7370,32.9021,2707250,32.9021
2023-09-01,SYN_D,33.0486,33.0562,32.8245,32.9135,1868669,32.9135
2023-09-04,SYN_D,32.8018,32.9537,31.9770,32.1444,1908387,32.1444
2023-09-05,SYN_D,32.0980,32.1024,31.6705,31.6957,3927984,31.6957
2023-09-06,SYN_D,31.5416,31.9628,31.0400,31.5220,4596685,31.5220
2023-09-07,SYN_D,31.5917,31.5949,31.2762,31.4485,5694030,31.4485
2023-09-08,SYN_D,31.4556,31.5252,31.1454,31.2895,2831990,31.2895
2023-09-11,SYN_D,31.2101,32.2270,31.1916,31.3781,3639603,31.3781
2023-09-12,SYN_D,31.2317,31.8968,30.8956,31.6283,2834699,31.6283
2023-09-13,SYN_D,31.7304,31.7936,31.1679,31.2245,3656797,31.2245
2023-09-14,SYN_D,31.2613,31.5222,30.7017,30.8491,5838902,30.8491
2023-09-15,SYN_D,30.8428,31.3540,30.7676,31.3016,3976241,31.3016
2023-09-18,SYN_D,31.3329,31.8111,31.1180,31.5471,2537061,31.5471
2023-09-19,SYN_D,31.4421,31.5268,31.4156,31.4914,2711089,31.4914
2023-09-20,SYN_D,31.5044,31.5052,31.4547,31.4591,2844362,31.4591
2023-09-21,SYN_D,31.2544,31.8826,30.4289,31.1932,2708535,31.1932
2023-09-22,SYN_D,31.0760,31.2465,30.7149,30.7562,2149555,30.7562
2023-09-25,SYN_D,30.6944,30.8674,30.0694,30.2510,3925303,30.2510
2023-09-26,SYN_D,30.2759,30.3009,30.1198,30.2996,3122338,30.2996
2023-09-27,SYN_D,30.3227,30.7056,29.9995,30.5216,3457963,30.5216
2023-09-28,SYN_D,30.4328,30.5763,29.9014,30.1378,4399386,30.1378
2023-09-29,SYN_D,30.1088,30.6277,29.9857,30.2631,3746170,30.2631
2023-10-02,SYN_D,30.3305,30.5784,30.0450,30.1993,3387101,30.1993
2023-10-03,SYN_D,30.3678,30.6348,29.4385,30.2780,2012394,30.2780
2023-10-04,SYN_D,30.2841,30.4019,30.2631,30.3986,2224588,30.3986
2023-10-05,SYN_D,30.3917,31.2397,30.0263,30.7669,2694402,30.7669
2023-10-06,SYN_D,30.7103,31.1443,29.2103,29.7870,2341535,29.7870
2023-10-09,SYN_D,29.6951,29.7408,29.4838,29.5822,3080382,29.5822
2023-10-10,SYN_D,29.5307,29.8759,29.1055,29.2299,2079007,29.2299
2023-10-11,SYN_D,29.1776,29.5115,29.1723,29.2618,3169349,29.2618
2023-10-12,SYN_D,29.3695,29.8057,29.2089,29.7393,2015102,29.7393
2023-10-13,SYN_D,29.7009,30.1455,29.0117,29.5367,4280141,29.5367
2023-10-16,SYN_D,29.5458,30.1576,29.2381,29.9075,4658633,29.9075
2023-10-17,SYN_D,29.8940,30.3881,29.7079,30.1670,2785265,30.1670
2023-10-18,SYN_D,30.1528,30.8349,30.1476,30.8161,4550456,30.8161
2023-10-19,SYN_D,30.8925,31.6389,30.8919,31.6187,4100614,31.6187
2023-10-20,SYN_D,31.7252,31.7750,31.5059,31.5247,2463505,31.5247
2023-10-23,SYN_D,31.5380,31.6326,31.0908,31.1806,2327338,31.1806
2023-10-24,SYN_D,31.3041,31.5855,30.6532,31.1475,4070955,31.1475
2023-10-25,SYN_D,31.2194,31.5213,31.1759,31.3889,2799601,31.3889
2023-10-26,SYN_D,31.3810,31.9178,30.8522,31.3215,3044172,31.3215
2023-10-27,SYN_D,31.4282,31.5986,31.3788,31.5806,2615007,31.5806
2023-10-30,SYN_D,31.4891,31.7640,31.2996,31.3036,2701284,31.3036
2023-10-31,SYN_D,31.1880,31.4217,30.9667,31.2183,3206095,31.2183
2023-11-01,SYN_D,31.2556,31.4372,31.1250,31.2893,4857645,31.2893
2023-11-02,SYN_D,31.4109,31.7083,31.4015,31.6429,5783898,31.6429
2023-11-03,SYN_D,31.6651,31.8736,31.2398,31.7292,2935303,31.7292
2023-11-06,SYN_D,31.7661,32.3189,31.7464,32.2606,2261573,32.2606
2023-11-07,SYN_D,32.2392,32.3849,32.1484,32.2429,2435885,32.2429
2023-11-08,SYN_D,32.1875,32.4105,31.9168,31.9520,5686115,31.9520
2023-11-09,SYN_D,32.1087,32.1267,31.7039,31.7456,3980707,31.7456
2023-11-10,SYN_D,31.9046,32.2064,31.6620,31.8277,3213472,31.8277
2023-11-13,SYN_D,31.8157,32.3871,31.5918,32.2146,2553661,32.2146
2023-11-14,SYN_D,32.1837,32.9125,32.0373,32.8174,2578424,32.8174
2023-11-15,SYN_D,32.6977,33.2322,32.3607,33.0791,3006029,33.0791
2023-11-16,SYN_D,32.9308,32.9536,32.8131,32.8453,4046215,32.8453
2023-11-17,SYN_D,32.9191,33.0794,32.6961,32.9195,3137068,32.9195
2023-11-20,SYN_D,32.9457,33.3399,32.7586,33.1645,3077556,33.1645
2023-11-21,SYN_D,33.1616,33.2332,32.4655,32.6225,1939585,32.6225
2023-11-22,SYN_D,32.6936,32.7429,32.5582,32.6393,1585346,32.6393
2023-11-23,SYN_D,32.6619,32.9182,32.5425,32.8916,3816393,32.8916
2023-11-24,SYN_D,32.9705,33.0257,32.8782,32.9636,3207023,32.9636
2023-11-27,SYN_D,32.9963,33.2722,32.5388,32.7916,7326880,32.7916
2023-11-28,SYN_D,32.8941,33.1199,32.7718,33.0353,3329212,33.0353
2023-11-29,SYN_D,32.9624,33.4026,32.7959,33.3710,3063195,33.3710
2023-11-30,SYN_D,33.4419,33.7792,33.3515,33.6605,1949305,33.6605
2023-12-01,SYN_D,33.5351,33.8671,33.1369,33.4410,2102252,33.4410
2023-12-04,SYN_D,33.3938,33.4649,32.9851,33.0442,2779134,33.0442
2023-12-05,SYN_D,33.0510,33.1335,32.8886,32.9036,4671906,32.9036
2023-12-06,SYN_D,32.9426,33.8374,32.7387,33.0897,5149374,33.0897
2023-12-07,SYN_D,33.0903,33.3096,32.8202,33.2446,2105427,33.2446
2023-12-08,SYN_D,33.2947,33.3274,33.2278,33.2326,3957933,33.2326
2023-12-11,SYN_D,33.1918,33.4766,31.8657,32.7858,2096112,32.7858
2023-12-12,SYN_D,32.7706,32.9226,32.7034,32.8317,1891364,32.8317
2023-12-13,SYN_D,32.7656,33.0044,32.5266,32.7762,3250473,32.7762
2023-12-14,SYN_D,32.6414,33.4872,32.6066,32.9702,2530683,32.9702
2023-12-15,SYN_D,33.2040,33.7013,33.1805,33.5593,2330035,33.5593
2023-12-18,SYN_D,33.3078,33.4273,33.3031,33.3036,2822680,33.3036
2023-12-19,SYN_D,33.4096,33.6005,33.3752,33.5093,2840228,33.5093
2023-12-20,SYN_D,33.4496,33.7985,33.0315,33.6432,3453474,33.6432
2023-12-21,SYN_D,33.5516,33.7101,32.8651,33.2660,3526242,33.2660
2023-12-22,SYN_D,33.3324,34.0130,33.2147,33.2386,4420526,33.2386
2023-12-25,SYN_D,33.1457,33.1773,32.5290,33.0243,6860400,33.0243
2023-12-26,SYN_D,33.0994,33.3016,32.9566,33.2072,2621075,33.2072
2023-12-27,SYN_D,33.2355,33.7533,33.2195,33.2643,3849779,33.2643
2023-12-28,SYN_D,33.3579,33.7121,33.1346,33.4794,3574681,33.4794
2023-12-29,SYN_D,33.6175,34.0607,33.4848,33.7958,3373441,33.7958
2022-01-03,SYN_E,78.4882,78.5260,78.1338,78.1448,1546034,78.1448
2022-01-04,SYN_E,78.0822,81.8108,77.5937,79.3378,1350594,79.3378
2022-01-05,SYN_E,79.6198,79.8813,77.2756,77.5805,1849086,77.5805
2022-01-06,SYN_E,77.6173,79.2562,74.8800,76.1953,1033682,76.1953
2022-01-07,SYN_E,76.4028,76.7142,76.3103,76.6469,1238208,76.6469
2022-01-10,SYN_E,76.4033,77.9669,74.2388,75.3532,808450,75.3532
2022-01-11,SYN_E,75.6648,79.1692,73.7602,76.4441,942797,76.4441
2022-01-12,SYN_E,76.2581,76.5416,74.1265,74.1797,1631743,74.1797
2022-01-13,SYN_E,74.0143,74.0277,72.5634,72.5637,1411574,72.5637
2022-01-14,SYN_E,72.9544,73.6074,71.6555,72.6323,1505982,72.6323
2022-01-17,SYN_E,72.7037,73.2139,72.5883,72.8823,1304749,72.8823
2022-01-18,SYN_E,72.4941,72.9129,71.7885,72.1138,1221162,72.1138
2022-01-19,SYN_E,72.5297,74.5367,72.2095,74.1884,1557160,74.1884
2022-01-20,SYN_E,74.7940,74.8434,74.5789,74.7368,1953900,74.7368
2022-01-21,SYN_E,74.6709,74.7296,73.8116,73.9740,730064,73.9740
2022-01-24,SYN_E,73.6843,73.7419,72.9339,72.9917,1666941,72.9917
2022-01-25,SYN_E,72.7597,72.8506,72.4825,72.5027,1516279,72.5027
2022-01-26,SYN_E,72.8643,72.8895,72.0282,72.1552,1733012,72.1552
2022-01-27,SYN_E,72.3230,72.6053,70.2536,70.7350,1564076,70.7350
2022-01-28,SYN_E,70.5517,71.1500,69.3354,69.4356,2198334,69.4356
2022-01-31,SYN_E,69.7133,70.6129,69.4763,69.4839,1072344,69.4839
2022-02-01,SYN_E,69.5492,69.8757,68.7974,68.9335,921124,68.9335
2022-02-02,SYN_E,68.9174,70.5372,68.7420,70.4293,1892727,70.4293
2022-02-03,SYN_E,70.2344,70.3059,69.0235,69.8282,1561066,69.8282
2022-02-04,SYN_E,69.9039,70.7666,69.8253,70.2581,1049890,70.2581
2022-02-07,SYN_E,70.0670,70.1091,69.0832,69.3428,1012413,69.3428
2022-02-08,SYN_E,69.6286,69.6732,69.1950,69.4473,1757241,69.4473
2022-02-09,SYN_E,69.1192,69.8294,69.0355,69.7638,1667275,69.7638
2022-02-10,SYN_E,70.1456,70.5544,68.9745,69.6740,1783829,69.6740
2022-02-11,SYN_E,69.8489,71.2379,69.8467,71.2247,1538486,71.2247
2022-02-14,SYN_E,71.5714,71.8619,71.0996,71.7022,1093364,71.7022
2022-02-15,SYN_E,71.7804,73.1255,71.4771,72.7559,1514532,72.7559
2022-02-16,SYN_E,72.7413,73.6628,72.7124,73.1693,1714566,73.1693
2022-02-17,SYN_E,72.9067,73.8095,72.6761,73.6151,1621956,73.6151
2022-02-18,SYN_E,73.5201,74.7381,71.9152,72.2502,1808437,72.2502
2022-02-21,SYN_E,72.5409,74.1417,72.5075,74.0577,1303544,74.0577
2022-02-22,SYN_E,73.7543,76.0962,72.6823,73.3526,1100735,73.3526
2022-02-23,SYN_E,73.5631,74.2145,73.5318,74.1934,1368592,74.1934
2022-02-24,SYN_E,73.8976,74.2210,73.5551,74.1263,2061054,74.1263
2022-02-25,SYN_E,73.8654,74.6148,73.7087,74.1801,1888253,74.1801
2022-02-28,SYN_E,74.5064,76.3106,74.2997,75.5750,737163,75.5750
2022-03-01,SYN_E,75.5574,75.6225,75.2259,75.2901,1432393,75.2901
2022-03-02,SYN_E,75.5578,76.5052,74.7568,76.2056,1000128,76.2056
2022-03-03,SYN_E,76.3092,76.4453,75.0471,75.1178,986545,75.1178
2022-03-04,SYN_E,75.1212,76.1590,74.9017,75.8083,1576566,75.8083
2022-03-07,SYN_E,76.2070,76.3307,75.1614,75.4255,1144511,75.4255
2022-03-08,SYN_E,75.3923,75.6987,73.7306,73.8232,828589,73.8232
2022-03-09,SYN_E,73.9336,77.1018,72.2886,75.6317,1367778,75.6317
2022-03-10,SYN_E,75.6175,75.6390,75.1455,75.1645,708535,75.1645
2022-03-11,SYN_E,75.4285,75.5987,74.5820,75.2946,948709,75.2946
2022-03-14,SYN_E,75.3499,75.3764,74.0197,74.1467,907869,74.1467
2022-03-15,SYN_E,74.2465,74.5102,72.4328,73.8458,1842460,73.8458
2022-03-16,SYN_E,74.0031,74.4733,73.6604,74.4091,965826,74.4091
2022-03-17,SYN_E,74.3680,74.3833,72.8500,72.8614,1592743,72.8614
2022-03-18,SYN_E,72.8777,73.3543,72.6283,72.8630,830146,72.8630
2022-03-21,SYN_E,72.9944,73.5407,72.8952,73.3574,889262,73.3574
2022-03-22,SYN_E,73.1575,73.6837,71.0571,71.7673,1098456,71.7673
2022-03-23,SYN_E,71.5430,72.2838,70.3171,70.5402,1060393,70.5402
2022-03-24,SYN_E,70.7754,71.1255,68.9956,69.1289,1201175,69.1289
2022-03-25,SYN_E,69.2228,69.7871,68.4669,69.6117,792367,69.6117
2022-03-28,SYN_E,69.3873,69.4634,67.8762,67.9222,1220938,67.9222
2022-03-29,SYN_E,67.9960,69.0471,67.0200,67.5700,3216322,67.5700
2022-03-30,SYN_E,67.9248,68.6313,67.8251,68.5539,1734148,68.5539
2022-03-31,SYN_E,68.4951,69.4027,68.2161,69.3260,1300870,69.3260
2022-04-01,SYN_E,69.0720,69.9472,69.0351,69.6447,1442618,69.6447
2022-04-04,SYN_E,69.7574,70.3402,68.2755,69.0637,937105,69.0637
2022-04-05,SYN_E,68.8948,69.0701,68.8675,68.8783,1662783,68.8783
2022-04-06,SYN_E,68.8015,69.7298,68.3056,69.0567,1913102,69.0567
2022-04-07,SYN_E,69.0968,70.2296,67.6290,68.3253,874652,68.3253
2022-04-08,SYN_E,68.2234,68.8379,67.7493,68.5234,1404540,68.5234
2022-04-11,SYN_E,68.5212,69.1960,67.9222,68.7843,1813117,68.7843
2022-04-12,SYN_E,68.9986,69.2407,67.7440,67.9466,1248248,67.9466
2022-04-13,SYN_E,68.1045,68.9621,67.1410,67.7931,944105,67.7931
2022-04-14,SYN_E,67.6893,68.3629,67.6594,68.2482,1496794,68.2482
2022-04-15,SYN_E,68.1539,70.9423,67.6165,70.3853,2176161,70.3853
2022-04-18,SYN_E,70.4033,70.4129,69.6210,70.1095,1064731,70.1095
2022-04-19,SYN_E,69.9141,70.2544,69.3633,69.9804,978971,69.9804
2022-04-20,SYN_E,69.9599,70.4496,68.2996,69.3013,1485812,69.3013
2022-04-21,SYN_E,69.4506,70.2192,69.2557,69.7903,1009946,69.7903
2022-04-22,SYN_E,69.9764,70.5676,69.3549,70.5338,1861192,70.5338
2022-04-25,SYN_E,70.3754,71.0227,70.3188,70.5692,2777057,70.5692
2022-04-26,SYN_E,70.5645,71.4093,69.3617,70.3091,922140,70.3091
2022-04-27,SYN_E,70.3248,71.3758,70.1150,70.5893,1505330,70.5893
2022-04-28,SYN_E,70.5976,70.5978,70.1501,70.1558,1133895,70.1558
2022-04-29,SYN_E,70.3044,72.6463,70.1826,72.4966,935303,72.4966
2022-05-02,SYN_E,72.7246,73.9505,71.2108,71.9820,1379600,71.9820
2022-05-03,SYN_E,72.0820,72.9463,71.9375,72.5775,1263094,72.5775
2022-05-04,SYN_E,72.6460,73.2412,72.6174,72.9460,2859110,72.9460
2022-05-05,SYN_E,72.9632,73.4672,71.7232,72.2250,881008,72.2250
2022-05-06,SYN_E,72.3635,72.9812,71.8317,72.5775,1003703,72.5775
2022-05-09,SYN_E,72.4536,72.8348,72.1983,72.6504,1476993,72.6504
2022-05-10,SYN_E,72.9143,73.0955,72.6683,72.6855,1259623,72.6855
2022-05-11,SYN_E,72.4518,72.4607,72.2449,72.2480,678656,72.2480
2022-05-12,SYN_E,72.4466,72.6325,71.9878,72.0608,1051720,72.0608
2022-05-13,SYN_E,71.7842,71.8727,70.9515,71.3851,790178,71.3851
2022-05-16,SYN_E,71.2863,71.7070,71.1463,71.4982,2112341,71.4982
2022-05-17,SYN_E,71.5770,71.9643,70.1688,70.2642,1325862,70.2642
2022-05-18,SYN_E,70.0350,71.7456,70.0335,71.7348,1117018,71.7348
2022-05-19,SYN_E,71.6901,75.0626,71.6440,74.9896,1067142,74.9896
2022-05-20,SYN_E,75.2247,76.1296,74.9087,75.6311,1976924,75.6311
2022-05-23,SYN_E,75.8206,75.9833,75.5466,75.6842,932492,75.6842
2022-05-24,SYN_E,75.8588,76.2975,74.8149,75.7607,1459601,75.7607
2022-05-25,SYN_E,75.5346,75.5419,75.3687,75.4241,1200544,75.4241
2022-05-26,SYN_E,75.5192,75.9022,73.0950,75.4907,1254283,75.4907
2022-05-27,SYN_E,75.1253,75.9928,74.9717,75.9166,593074,75.9166
2022-05-30,SYN_E,75.8738,76.7007,74.0928,74.6288,1122449,74.6288
2022-05-31,SYN_E,74.1353,75.5027,74.0312,74.8287,1166905,74.8287
2022-06-01,SYN_E,74.6714,74.7323,74.3212,74.4205,760945,74.4205
2022-06-02,SYN_E,74.3157,74.3937,73.7868,73.8093,1908767,73.8093
2022-06-03,SYN_E,73.6516,75.4962,73.0196,74.7529,1433407,74.7529
2022-06-06,SYN_E,74.8675,76.2332,74.6598,75.7920,2297504,75.7920
2022-06-07,SYN_E,75.5193,77.0818,74.4659,75.5572,962676,75.5572
2022-06-08,SYN_E,75.6130,76.4607,75.2433,76.0586,1731337,76.0586
2022-06-09,SYN_E,75.9823,76.6295,74.5010,74.9151,1195011,74.9151
2022-06-10,SYN_E,74.4922,75.3733,74.3014,75.0239,669359,75.0239
2022-06-13,SYN_E,75.0274,75.1082,73.8652,74.0320,2182719,74.0320
2022-06-14,SYN_E,74.0916,75.4567,73.9769,74.9472,1411062,74.9472
2022-06-15,SYN_E,75.1541,75.2236,74.2387,74.4796,1980440,74.4796
2022-06-16,SYN_E,74.1844,74.4062,73.3598,73.5094,2340090,73.5094
2022-06-17,SYN_E,73.5904,74.0238,72.7760,73.1735,1822945,73.1735
2022-06-20,SYN_E,72.9233,73.3682,72.2620,72.7071,1391040,72.7071
2022-06-21,SYN_E,72.4309,72.4739,70.3971,70.3980,1327722,70.3980
2022-06-22,SYN_E,70.1631,70.9642,67.8743,68.9158,1812562,68.9158
2022-06-23,SYN_E,68.9498,70.1456,67.8945,69.7538,2694839,69.7538
2022-06-24,SYN_E,69.9590,70.2216,69.6868,70.1081,1384533,70.1081
2022-06-27,SYN_E,69.7902,69.7959,68.2869,68.3295,1191348,68.3295
2022-06-28,SYN_E,68.2158,69.3611,68.1408,69.2074,1116863,69.2074
2022-06-29,SYN_E,69.4229,70.4664,68.5376,69.1843,1502932,69.1843
2022-06-30,SYN_E,69.3504,69.6054,68.9433,68.9501,1844245,68.9501
2022-07-01,SYN_E,68.9619,69.5105,68.0678,68.1682,1130278,68.1682
2022-07-04,SYN_E,68.3308,68.5411,68.2045,68.2226,2252583,68.2226
2022-07-05,SYN_E,68.2674,69.1297,68.2221,68.7678,989208,68.7678
2022-07-06,SYN_E,68.8586,70.4168,68.8250,70.0993,2790228,70.0993
2022-07-07,SYN_E,70.4860,72.2779,70.2675,72.2208,1791794,72.2208
2022-07-08,SYN_E,72.4094,73.9780,72.4081,73.7970,1774907,73.7970
2022-07-11,SYN_E,73.8548,74.3168,73.8333,74.2233,1170380,74.2233
2022-07-12,SYN_E,74.4051,75.0687,73.0151,74.1278,1441765,74.1278
2022-07-13,SYN_E,74.2351,74.7448,73.5129,73.6586,1473920,73.6586
2022-07-14,SYN_E,73.7938,74.2518,72.9320,73.6172,578570,73.6172
2022-07-15,SYN_E,73.3940,73.9186,72.8468,73.0643,1173291,73.0643
2022-07-18,SYN_E,73.0014,73.6918,72.8993,73.4462,1118180,73.4462
2022-07-19,SYN_E,73.5046,73.5641,72.9244,72.9253,1370893,72.9253
2022-07-20,SYN_E,72.9630,73.1501,72.1784,72.3512,697615,72.3512
2022-07-21,SYN_E,72.4126,72.9006,71.1722,72.7744,1809876,72.7744
2022-07-22,SYN_E,72.7599,74.2807,72.0401,72.2491,1604645,72.2491
2022-07-25,SYN_E,71.9762,72.9403,70.9390,70.9983,1572678,70.9983
2022-07-26,SYN_E,70.6829,71.6261,69.9433,70.8764,800447,70.8764
2022-07-27,SYN_E,70.8215,72.0155,70.7591,71.8060,1547338,71.8060
2022-07-28,SYN_E,71.8483,72.2720,71.8033,72.2234,1128234,72.2234
2022-07-29,SYN_E,72.1699,72.3836,70.1744,71.7081,2190049,71.7081
2022-08-01,SYN_E,71.8404,71.9493,71.0484,71.1194,805855,71.1194
2022-08-02,SYN_E,71.1702,71.3016,69.8723,70.6686,731396,70.6686
2022-08-03,SYN_E,71.0045,71.2804,69.8044,69.8182,1002504,69.8182
2022-08-04,SYN_E,70.2745,70.7517,68.7845,69.4392,1152139,69.4392
2022-08-05,SYN_E,69.2346,69.5367,69.0038,69.3955,657193,69.3955
2022-08-08,SYN_E,69.5275,69.7533,68.9912,69.2474,1326125,69.2474
2022-08-09,SYN_E,69.3590,69.6250,68.8627,69.0282,1400247,69.0282
2022-08-10,SYN_E,69.2715,69.8160,68.2180,68.7117,1536462,68.7117
2022-08-11,SYN_E,68.8351,69.5381,67.3655,67.4138,977613,67.4138
2022-08-12,SYN_E,67.3099,67.3788,65.7787,66.0881,872548,66.0881
2022-08-15,SYN_E,66.1277,66.4350,65.5031,65.7912,984898,65.7912
2022-08-16,SYN_E,66.0553,66.4181,66.0278,66.4155,965000,66.4155
2022-08-17,SYN_E,66.3119,67.3843,65.8147,67.1383,2394408,67.1383
2022-08-18,SYN_E,66.8235,68.3001,65.8561,67.6512,1154929,67.6512
2022-08-19,SYN_E,67.7276,67.7345,67.5325,67.5446,1204294,67.5446
2022-08-22,SYN_E,67.4525,68.5628,67.3461,68.5585,940262,68.5585
2022-08-23,SYN_E,68.5165,68.9093,66.5774,67.1319,1314664,67.1319
2022-08-24,SYN_E,67.0539,69.0818,65.5649,68.2889,1481597,68.2889
2022-08-25,SYN_E,68.2339,68.4931,67.8065,68.2200,1118203,68.2200
2022-08-26,SYN_E,68.1093,69.8013,67.8916,69.6717,964049,69.6717
2022-08-29,SYN_E,69.8238,69.9281,67.6639,67.8051,1157207,67.8051
2022-08-30,SYN_E,67.9452,69.3671,66.7004,68.9341,1308568,68.9341
2022-08-31,SYN_E,68.6907,68.8980,67.9704,68.1530,2684365,68.1530
2022-09-01,SYN_E,68.3555,68.9383,68.3071,68.9208,956533,68.9208
2022-09-02,SYN_E,69.0483,69.1811,68.1013,68.2798,2115575,68.2798
2022-09-05,SYN_E,68.2148,68.3964,67.8051,68.0569,1302839,68.0569
2022-09-06,SYN_E,68.3695,69.6045,68.3383,69.3899,1439664,69.3899
2022-09-07,SYN_E,69.4583,70.3470,68.6182,68.8828,987930,68.8828
2022-09-08,SYN_E,68.9619,69.8777,68.4599,68.9418,1788849,68.9418
2022-09-09,SYN_E,69.1815,69.3616,69.1794,69.3582,2610665,69.3582
2022-09-12,SYN_E,69.1754,71.1460,68.6524,70.2066,1844231,70.2066
2022-09-13,SYN_E,70.3509,71.3537,69.0757,70.0606,1775364,70.0606
2022-09-14,SYN_E,70.1199,71.9093,67.8440,69.7390,1280697,69.7390
2022-09-15,SYN_E,69.6772,71.4736,69.5742,70.9839,1860611,70.9839
2022-09-16,SYN_E,70.7706,71.2779,69.5689,71.1635,1264835,71.1635
2022-09-19,SYN_E,71.1952,71.4608,70.3358,70.8605,1649043,70.8605
2022-09-20,SYN_E,70.8719,71.8615,70.4259,70.5794,1325024,70.5794
2022-09-21,SYN_E,70.8429,70.8778,70.8320,70.8464,1602416,70.8464
2022-09-22,SYN_E,70.7971,71.2094,70.7792,71.2064,1537312,71.2064
2022-09-23,SYN_E,71.4843,71.4964,70.1802,70.2495,1175699,70.2495
2022-09-26,SYN_E,70.5858,71.8344,69.8063,70.9921,1366457,70.9921
2022-09-27,SYN_E,71.0191,72.2734,70.9286,71.8747,1640761,71.8747
2022-09-28,SYN_E,72.0115,73.1011,71.6007,72.6505,1690524,72.6505
2022-09-29,SYN_E,72.7596,74.1758,72.7262,73.8265,678959,73.8265
2022-09-30,SYN_E,73.3761,74.1189,72.4361,73.1716,1574402,73.1716
2022-10-03,SYN_E,73.2218,76.4242,71.9727,74.4889,1402519,74.4889
2022-10-04,SYN_E,74.3338,74.4556,72.1495,72.2624,829227,72.2624
2022-10-05,SYN_E,72.1539,72.5706,71.8432,72.4789,1310243,72.4789
2022-10-06,SYN_E,72.7328,72.8754,72.2710,72.3583,646781,72.3583
2022-10-07,SYN_E,72.3501,72.5036,70.5825,70.6166,849415,70.6166
2022-10-10,SYN_E,70.6079,70.8961,68.9417,69.1742,1430292,69.1742
2022-10-11,SYN_E,68.9791,70.1168,68.5762,70.0942,1130029,70.0942
2022-10-12,SYN_E,70.0758,72.1928,69.8059,71.0932,1313833,71.0932
2022-10-13,SYN_E,71.2042,72.1970,69.8010,70.1253,1617516,70.1253
2022-10-14,SYN_E,70.2381,71.4075,69.9506,71.2503,468332,71.2503
2022-10-17,SYN_E,71.3800,73.4068,70.1498,72.1844,1212323,72.1844
2022-10-18,SYN_E,72.5980,73.1325,72.5381,73.1015,1361618,73.1015
2022-10-19,SYN_E,73.2456,75.4560,72.9740,75.3317,2069223,75.3317
2022-10-20,SYN_E,75.1969,75.1979,73.7257,73.8415,1829467,73.8415
2022-10-21,SYN_E,73.7466,74.7258,73.5359,74.4827,2185533,74.4827
2022-10-24,SYN_E,74.7095,74.8917,74.3518,74.8805,1810537,74.8805
2022-10-25,SYN_E,74.9824,75.0477,74.2010,74.2219,1180141,74.2219
2022-10-26,SYN_E,74.4239,74.4445,74.1033,74.3675,606341,74.3675
2022-10-27,SYN_E,74.5012,74.7074,73.0362,73.3348,1871677,73.3348
2022-10-28,SYN_E,73.4161,73.9797,72.5897,72.6912,1087316,72.6912
2022-10-31,SYN_E,73.1975,73.4311,72.8297,73.1112,1257260,73.1112
2022-11-01,SYN_E,73.1714,73.5937,72.5813,72.7239,1379803,72.7239
2022-11-02,SYN_E,72.9502,73.8314,72.6509,72.9122,1192622,72.9122
2022-11-03,SYN_E,72.8677,73.6477,72.7548,73.5794,1606323,73.5794
2022-11-04,SYN_E,73.7184,74.8117,73.3932,74.7713,2006811,74.7713
2022-11-07,SYN_E,74.9322,75.2110,74.6332,75.0586,1518618,75.0586
2022-11-08,SYN_E,75.1021,75.7410,75.0465,75.6185,1413349,75.6185
2022-11-09,SYN_E,75.2910,75.4605,75.2033,75.4303,1060357,75.4303
2022-11-10,SYN_E,75.7040,76.5816,75.4793,76.5156,1381562,76.5156
2022-11-11,SYN_E,76.2531,76.4620,75.3568,75.5214,1105984,75.5214
2022-11-14,SYN_E,75.7412,76.3097,75.6388,75.9192,1153959,75.9192
2022-11-15,SYN_E,76.2618,76.2820,74.3549,74.9401,1077089,74.9401
2022-11-16,SYN_E,75.3019,76.8922,75.0260,76.3101,1407830,76.3101
2022-11-17,SYN_E,76.5021,77.3431,76.3825,76.9862,1948687,76.9862
2022-11-18,SYN_E,77.2153,77.3043,76.0603,76.4526,932388,76.4526
2022-11-21,SYN_E,76.8480,77.6264,76.8332,77.0817,1189391,77.0817
2022-11-22,SYN_E,77.0859,77.7650,77.0745,77.6896,1448330,77.6896
2022-11-23,SYN_E,77.9217,78.1720,77.8410,77.9655,1235864,77.9655
2022-11-24,SYN_E,78.4817,79.7089,78.1629,78.3861,1200647,78.3861
2022-11-25,SYN_E,78.3035,81.0240,77.2555,79.8312,2043551,79.8312
2022-11-28,SYN_E,79.4413,80.3839,79.3491,80.2431,1318710,80.2431
2022-11-29,SYN_E,80.5260,80.6800,79.2281,79.4700,1700687,79.4700
2022-11-30,SYN_E,79.2232,81.5037,78.8429,81.0537,2573079,81.0537
2022-12-01,SYN_E,81.0018,81.4559,80.7854,81.1343,1639463,81.1343
2022-12-02,SYN_E,81.0511,81.7179,77.2696,77.7385,1116481,77.7385
2022-12-05,SYN_E,77.4426,78.0585,77.3285,77.9369,802207,77.9369
2022-12-06,SYN_E,78.2353,78.8077,78.2344,78.6010,1289095,78.6010
2022-12-07,SYN_E,78.6068,79.9100,78.1089,79.6577,2448841,79.6577
2022-12-08,SYN_E,79.8521,81.7333,79.5188,81.4525,1981499,81.4525
2022-12-09,SYN_E,81.2034,83.0281,81.0112,82.5856,1252212,82.5856
2022-12-12,SYN_E,82.1572,82.2113,82.1549,82.2076,2201049,82.2076
2022-12-13,SYN_E,82.3311,83.0430,81.6735,82.1958,1297958,82.1958
2022-12-14,SYN_E,82.2615,84.1430,81.6739,82.0289,1827948,82.0289
2022-12-15,SYN_E,81.9822,82.1749,81.1527,81.2288,1064072,81.2288
2022-12-16,SYN_E,81.1041,81.3442,79.1423,79.2919,1067237,79.2919
2022-12-19,SYN_E,79.4022,80.8879,78.4806,79.5446,1343889,79.5446
2022-12-20,SYN_E,79.8517,79.8683,78.6416,78.7140,867194,78.7140
2022-12-21,SYN_E,78.6652,78.9527,78.3773,78.4878,2201139,78.4878
2022-12-22,SYN_E,78.2333,78.3614,77.5236,77.6507,982513,77.6507
2022-12-23,SYN_E,77.8287,78.6895,77.0903,78.4291,1374505,78.4291
2022-12-26,SYN_E,78.5841,78.6490,78.2026,78.2892,1489133,78.2892
2022-12-27,SYN_E,78.0165,78.8615,77.9118,78.8385,1182656,78.8385
2022-12-28,SYN_E,79.1352,79.8138,77.9304,78.6235,833293,78.6235
2022-12-29,SYN_E,78.8387,79.6591,78.5932,79.5911,2422432,79.5911
2022-12-30,SYN_E,79.4856,79.7149,78.0938,78.6595,1198905,78.6595
2023-01-02,SYN_E,78.3003,79.8319,77.8545,79.2345,1786327,79.2345
2023-01-03,SYN_E,79.1267,79.1892,77.6086,78.2964,2644680,78.2964
2023-01-04,SYN_E,78.2081,79.7353,78.0500,79.5683,1206989,79.5683
2023-01-05,SYN_E,79.5849,79.7226,79.0329,79.5882,2040909,79.5882
2023-01-06,SYN_E,79.3718,81.3880,78.6798,80.4309,833777,80.4309
2023-01-09,SYN_E,80.5257,80.5594,79.9848,80.0091,952622,80.0091
2023-01-10,SYN_E,79.5002,79.6768,78.3440,78.7339,1123252,78.7339
2023-01-11,SYN_E,79.2247,79.6470,78.0623,79.2925,1250362,79.2925
2023-01-12,SYN_E,79.2116,79.9339,79.1254,79.8993,2177567,79.8993
2023-01-13,SYN_E,79.6839,79.8088,79.5325,79.6419,2945886,79.6419
2023-01-16,SYN_E,80.0238,81.2138,79.9418,81.1717,952073,81.1717
2023-01-17,SYN_E,80.9348,84.8181,78.3625,82.6530,1231706,82.6530
2023-01-18,SYN_E,82.8831,83.0674,82.5101,82.7377,1679873,82.7377
2023-01-19,SYN_E,82.9000,83.2146,82.8897,83.1129,1363795,83.1129
2023-01-20,SYN_E,83.1321,83.8388,81.0765,81.3000,902950,81.3000
2023-01-23,SYN_E,81.0429,81.1536,80.4046,80.4123,1072721,80.4123
2023-01-24,SYN_E,80.6922,81.5335,79.2579,80.5915,629280,80.5915
2023-01-25,SYN_E,80.1546,81.9803,78.2525,81.6359,747320,81.6359
2023-01-26,SYN_E,81.6265,83.3843,80.9988,82.4215,797972,82.4215
2023-01-27,SYN_E,82.3133,82.7581,81.4394,82.3510,1068820,82.3510
2023-01-30,SYN_E,82.1387,82.2088,81.7117,82.1031,928407,82.1031
2023-01-31,SYN_E,81.9293,83.0278,80.6939,82.0403,969394,82.0403
2023-02-01,SYN_E,81.9960,83.3729,81.8547,81.9861,2021363,81.9861
2023-02-02,SYN_E,81.8286,81.9736,80.2780,80.8332,1214603,80.8332
2023-02-03,SYN_E,80.7847,81.0785,78.3798,78.6865,869095,78.6865
2023-02-06,SYN_E,78.3708,79.8264,76.4340,77.6666,1290567,77.6666
2023-02-07,SYN_E,77.6428,77.6881,76.7827,77.2832,1077090,77.2832
2023-02-08,SYN_E,77.3467,78.2627,76.6052,77.6601,861660,77.6601
2023-02-09,SYN_E,77.7280,78.3897,77.5577,78.3388,1136063,78.3388
2023-02-10,SYN_E,78.2931,78.5192,76.1111,76.3300,1530253,76.3300
2023-02-13,SYN_E,76.2896,77.4746,75.9870,77.1351,884032,77.1351
2023-02-14,SYN_E,77.3735,77.4232,77.0234,77.2804,1579381,77.2804
2023-02-15,SYN_E,77.3924,78.1447,76.8450,77.2390,929570,77.2390
2023-02-16,SYN_E,77.4569,78.9111,77.1389,77.9306,1945141,77.9306
2023-02-17,SYN_E,78.4575,79.0704,76.4867,77.0537,482662,77.0537
2023-02-20,SYN_E,77.0201,78.6759,76.8747,77.9788,958029,77.9788
2023-02-21,SYN_E,78.0543,78.8888,74.5999,75.5447,1879109,75.5447
2023-02-22,SYN_E,75.4858,75.6478,74.3894,74.5314,916027,74.5314
2023-02-23,SYN_E,74.6772,74.7470,73.0706,73.1148,1229343,73.1148
2023-02-24,SYN_E,73.1220,74.2618,72.8564,74.1486,1222791,74.1486
2023-02-27,SYN_E,74.2232,74.2819,73.2820,73.4165,2076250,73.4165
2023-02-28,SYN_E,73.0117,73.1987,72.9815,73.1310,998529,73.1310
2023-03-01,SYN_E,72.6992,72.8891,72.3104,72.6646,1412731,72.6646
2023-03-02,SYN_E,72.7080,73.0418,70.2857,70.8745,910652,70.8745
2023-03-03,SYN_E,70.8348,71.6739,69.9201,70.5297,729142,70.5297
2023-03-06,SYN_E,70.5278,71.0822,70.1502,71.0235,1653031,71.0235
2023-03-07,SYN_E,70.5080,70.7325,69.9643,70.1106,1482665,70.1106
2023-03-08,SYN_E,69.9391,70.1622,69.7089,70.1558,1408197,70.1558
2023-03-09,SYN_E,69.8739,71.8731,69.6624,71.5484,1512428,71.5484
2023-03-10,SYN_E,71.4068,71.4167,70.9337,70.9460,1629572,70.9460
2023-03-13,SYN_E,70.8963,72.2918,69.5261,70.5954,2122645,70.5954
2023-03-14,SYN_E,70.8067,71.3511,68.7096,69.8744,1249736,69.8744
2023-03-15,SYN_E,70.0712,70.1454,69.0424,69.3038,2335464,69.3038
2023-03-16,SYN_E,69.1810,69.2043,68.6323,68.6464,1507719,68.6464
2023-03-17,SYN_E,68.7455,69.4469,68.2914,69.0456,1823821,69.0456
2023-03-20,SYN_E,69.0830,70.6662,68.4271,69.8927,820320,69.8927
2023-03-21,SYN_E,69.7864,69.8858,68.9633,69.3792,1441327,69.3792
2023-03-22,SYN_E,69.3914,69.8558,69.2627,69.7896,2438923,69.7896
2023-03-23,SYN_E,69.5325,70.1783,69.3051,69.4423,1743157,69.4423
2023-03-24,SYN_E,69.3573,69.4388,67.9058,67.9058,1418149,67.9058
2023-03-27,SYN_E,67.6336,68.7601,67.3537,67.7383,863096,67.7383
2023-03-28,SYN_E,67.6376,68.1654,66.6258,67.0244,2190811,67.0244
2023-03-29,SYN_E,66.8107,67.3674,66.7387,67.0573,1393452,67.0573
2023-03-30,SYN_E,67.0510,68.0926,67.0144,68.0835,2304471,68.0835
2023-03-31,SYN_E,68.1681,68.9314,67.8288,68.7777,1578412,68.7777
2023-04-03,SYN_E,68.9186,70.7465,67.3733,68.1666,2066258,68.1666
2023-04-04,SYN_E,68.2191,69.6935,67.2098,69.4257,2972454,69.4257
2023-04-05,SYN_E,69.4279,70.9704,68.5353,70.2288,1426802,70.2288
2023-04-06,SYN_E,70.2450,70.9420,70.0211,70.8805,1784027,70.8805
2023-04-07,SYN_E,70.7709,70.8967,69.7392,69.7858,1351270,69.7858
2023-04-10,SYN_E,69.8134,70.3558,69.6482,70.0284,1246297,70.0284
2023-04-11,SYN_E,70.1465,70.3045,68.4806,68.8534,1154038,68.8534
2023-04-12,SYN_E,69.1047,69.5359,68.6966,68.9803,932285,68.9803
2023-04-13,SYN_E,68.7742,68.9989,67.0024,67.0348,1654609,67.0348
2023-04-14,SYN_E,66.9907,68.1088,66.9270,68.0742,962454,68.0742
2023-04-17,SYN_E,67.9432,68.3976,66.9006,67.8367,1404193,67.8367
2023-04-18,SYN_E,67.6989,68.3847,67.5978,68.3262,1164158,68.3262
2023-04-19,SYN_E,68.4887,70.0210,68.4256,69.8598,2189900,69.8598
2023-04-20,SYN_E,70.0281,71.4288,69.8812,70.1200,1021085,70.1200
2023-04-21,SYN_E,70.5504,71.4772,69.9488,70.2609,1127106,70.2609
2023-04-24,SYN_E,70.1793,70.3459,68.2636,68.4160,907172,68.4160
2023-04-25,SYN_E,67.9031,68.4533,66.3921,66.4223,2509032,66.4223
2023-04-26,SYN_E,66.2978,66.3386,65.3510,65.4293,1392957,65.4293
2023-04-27,SYN_E,65.4861,65.6274,64.4153,65.1864,1266593,65.1864
2023-04-28,SYN_E,65.2519,65.8026,65.1482,65.7024,2027412,65.7024
2023-05-01,SYN_E,65.6323,66.3863,65.1487,66.2392,1774645,66.2392
2023-05-02,SYN_E,66.2482,67.1583,66.2126,67.1387,1516744,67.1387
2023-05-03,SYN_E,67.2880,68.0920,67.1613,67.9329,1604974,67.9329
2023-05-04,SYN_E,67.7582,68.1216,67.2376,67.7674,1481250,67.7674
2023-05-05,SYN_E,67.7389,68.5955,67.4126,68.4175,1307933,68.4175
2023-05-08,SYN_E,68.3196,68.4567,67.1222,67.8513,1040307,67.8513
2023-05-09,SYN_E,68.0036,68.4307,67.9840,68.1241,1314905,68.1241
2023-05-10,SYN_E,67.8348,67.8933,67.3846,67.5120,1661799,67.5120
2023-05-11,SYN_E,67.4207,68.0622,67.3870,68.0612,1708999,68.0612
2023-05-12,SYN_E,68.4213,68.4370,68.3146,68.3275,1621525,68.3275
2023-05-15,SYN_E,67.9316,69.2607,67.7671,69.2449,1270274,69.2449
2023-05-16,SYN_E,69.2898,70.1054,69.1613,69.7661,1892736,69.7661
2023-05-17,SYN_E,69.3926,70.7062,68.1318,70.6721,1834501,70.6721
2023-05-18,SYN_E,70.7686,71.6513,70.5816,71.6422,2091793,71.6422
2023-05-19,SYN_E,71.6017,72.4025,70.2606,70.4195,1087182,70.4195
2023-05-22,SYN_E,70.5505,70.7466,69.8464,70.1134,1087316,70.1134
2023-05-23,SYN_E,69.9745,70.0621,68.2783,68.4426,901486,68.4426
2023-05-24,SYN_E,68.4450,69.0723,66.4453,67.4866,1157949,67.4866
2023-05-25,SYN_E,67.6579,68.0942,67.3363,67.7821,1374556,67.7821
2023-05-26,SYN_E,67.8041,68.2278,67.4009,67.7945,1602714,67.7945
2023-05-29,SYN_E,67.7564,68.9381,67.5986,68.8593,585245,68.8593
2023-05-30,SYN_E,68.5621,68.7423,66.8052,67.0613,1466376,67.0613
2023-05-31,SYN_E,66.8922,67.7852,64.2494,65.7271,1294805,65.7271
2023-06-01,SYN_E,65.8271,66.5989,64.8091,65.5918,1376991,65.5918
2023-06-02,SYN_E,65.6289,65.6870,65.5919,65.6285,485145,65.6285
2023-06-05,SYN_E,65.9380,65.9434,64.4176,64.4324,940248,64.4324
2023-06-06,SYN_E,64.7372,64.8912,64.3847,64.4808,966152,64.4808
2023-06-07,SYN_E,64.5351,64.7352,63.6908,64.0447,1473510,64.0447
2023-06-08,SYN_E,64.2893,64.2922,62.9084,63.2890,2339101,63.2890
2023-06-09,SYN_E,63.3828,63.9416,63.1466,63.7055,1509278,63.7055
2023-06-12,SYN_E,63.4941,64.5196,62.6828,64.2268,1296224,64.2268
2023-06-13,SYN_E,64.5101,65.0972,64.4026,64.5105,1551533,64.5105
2023-06-14,SYN_E,64.9449,65.5271,64.3464,65.0392,1909664,65.0392
2023-06-15,SYN_E,64.9657,65.1965,64.3811,64.5322,1055689,64.5322
2023-06-16,SYN_E,64.1081,65.1071,64.0501,65.0712,2546586,65.0712
2023-06-19,SYN_E,65.0886,65.3963,65.0305,65.1882,1416343,65.1882
2023-06-20,SYN_E,65.2988,65.9540,64.6474,65.8936,1121870,65.8936
2023-06-21,SYN_E,66.0090,66.9755,65.8443,66.8331,1467257,66.8331
2023-06-22,SYN_E,66.8058,67.7390,66.6990,66.7011,929560,66.7011
2023-06-23,SYN_E,66.9291,68.1622,66.8517,68.1107,971613,68.1107
2023-06-26,SYN_E,67.9322,68.3526,67.6697,68.1612,1911431,68.1612
2023-06-27,SYN_E,67.9647,68.1938,67.9325,68.1193,1099992,68.1193
2023-06-28,SYN_E,68.0563,68.2062,66.4681,66.6855,1577061,66.6855
2023-06-29,SYN_E,66.6300,66.6428,64.3870,64.4442,1942445,64.4442
2023-06-30,SYN_E,64.2656,64.4115,63.2624,63.5777,1599110,63.5777
2023-07-03,SYN_E,63.4795,63.4798,63.1536,63.3822,1597565,63.3822
2023-07-04,SYN_E,63.5885,64.4120,63.5566,63.5696,1661656,63.5696
2023-07-05,SYN_E,63.6624,63.8740,63.5835,63.7696,1344700,63.7696
2023-07-06,SYN_E,63.5831,65.1508,63.5723,64.9600,1459041,64.9600
2023-07-07,SYN_E,65.4479,65.9770,65.4281,65.9545,2078075,65.9545
2023-07-10,SYN_E,65.9873,66.0408,65.4524,65.6173,1494095,65.6173
2023-07-11,SYN_E,65.6036,65.8468,65.1905,65.3551,1261240,65.3551
2023-07-12,SYN_E,65.3788,66.2392,64.3266,65.0854,1367157,65.0854
2023-07-13,SYN_E,65.1802,65.7657,64.9935,65.6694,900701,65.6694
2023-07-14,SYN_E,65.7626,66.2111,63.9494,64.4902,1471920,64.4902
2023-07-17,SYN_E,64.2170,64.6480,63.9782,64.4349,1063561,64.4349
2023-07-18,SYN_E,64.7481,65.4928,63.7804,64.7199,1176023,64.7199
2023-07-19,SYN_E,64.8174,65.0455,63.5561,63.8364,1753593,63.8364
2023-07-20,SYN_E,64.1449,66.0117,63.6054,64.7227,1275503,64.7227
2023-07-21,SYN_E,64.6514,64.9261,63.5602,63.8244,969176,63.8244
2023-07-24,SYN_E,63.9129,65.1374,63.5654,64.9167,1576438,64.9167
2023-07-25,SYN_E,64.7347,64.9647,64.3454,64.5136,1394575,64.5136
2023-07-26,SYN_E,64.4269,65.3443,63.8383,64.5943,1181688,64.5943
2023-07-27,SYN_E,64.4610,65.2043,64.4385,65.1916,1251156,65.1916
2023-07-28,SYN_E,65.3458,67.0118,64.2749,65.7330,1439806,65.7330
2023-07-31,SYN_E,65.4843,66.4124,63.8491,64.9611,1406967,64.9611
2023-08-01,SYN_E,65.2804,67.3705,63.5177,66.0019,1380663,66.0019
2023-08-02,SYN_E,65.9526,67.6782,65.1304,66.3501,809844,66.3501
2023-08-03,SYN_E,66.2035,67.7013,66.1698,67.1525,917418,67.1525
2023-08-04,SYN_E,67.4300,67.4820,66.9480,66.9503,952955,66.9503
2023-08-07,SYN_E,66.8903,67.5102,66.6405,66.6646,2428883,66.6646
2023-08-08,SYN_E,66.2908,67.8608,66.0895,67.7365,1152643,67.7365
2023-08-09,SYN_E,67.8196,67.8570,67.4362,67.4659,1753689,67.4659
2023-08-10,SYN_E,67.3829,67.4249,66.8076,66.8283,1626156,66.8283
2023-08-11,SYN_E,67.0309,67.1906,66.5197,67.0505,1816065,67.0505
2023-08-14,SYN_E,66.8836,67.1774,66.8708,66.9046,1746829,66.9046
2023-08-15,SYN_E,66.6149,66.7939,65.4458,65.6051,1125932,65.6051
2023-08-16,SYN_E,65.3343,65.4418,65.1152,65.1248,1353176,65.1248
2023-08-17,SYN_E,65.1749,65.3102,64.8675,64.8840,1361620,64.8840
2023-08-18,SYN_E,64.8943,67.1037,64.3827,66.6639,1381125,66.6639
2023-08-21,SYN_E,66.7509,66.9752,66.2331,66.4978,1862901,66.4978
2023-08-22,SYN_E,66.4557,67.2837,65.3984,65.7760,1660191,65.7760
2023-08-23,SYN_E,66.0633,66.4106,64.7856,65.3668,1571593,65.3668
2023-08-24,SYN_E,65.0955,66.5058,64.5124,65.6016,1658650,65.6016
2023-08-25,SYN_E,65.4121,65.6352,64.5555,64.5764,992131,64.5764
2023-08-28,SYN_E,64.6120,64.9541,63.8100,63.9395,1465302,63.9395
2023-08-29,SYN_E,63.7321,64.1592,62.9241,63.3584,1053226,63.3584
2023-08-30,SYN_E,63.6006,64.8661,63.4975,64.6084,1580825,64.6084
2023-08-31,SYN_E,64.4930,64.5849,63.9050,63.9852,1026070,63.9852
2023-09-01,SYN_E,64.2016,65.1837,64.0857,65.1695,2562294,65.1695
2023-09-04,SYN_E,65.1987,65.5334,64.6825,64.9387,1019773,64.9387
2023-09-05,SYN_E,64.6521,64.7123,64.3005,64.3889,628490,64.3889
2023-09-06,SYN_E,64.5241,64.6753,64.2181,64.3279,1169656,64.3279
2023-09-07,SYN_E,64.4490,64.8420,63.0381,63.1240,612043,63.1240
2023-09-08,SYN_E,63.1125,64.4671,61.4283,62.9656,805120,62.9656
2023-09-11,SYN_E,63.0183,63.0449,62.0638,62.4110,991396,62.4110
2023-09-12,SYN_E,62.3670,62.5027,61.8557,61.8668,1287524,61.8668
2023-09-13,SYN_E,61.8422,62.8966,61.7251,62.7932,1165011,62.7932
2023-09-14,SYN_E,62.7663,62.9129,62.1746,62.2644,817133,62.2644
2023-09-15,SYN_E,62.0954,62.3753,61.9844,62.2010,790027,62.2010
2023-09-18,SYN_E,62.4383,63.4711,61.8367,62.5229,1152028,62.5229
2023-09-19,SYN_E,62.5183,62.5372,62.0293,62.0842,1251217,62.0842
2023-09-20,SYN_E,61.8972,62.5042,61.8213,62.3962,870660,62.3962
2023-09-21,SYN_E,62.5150,63.7938,61.9792,63.3002,2028484,63.3002
2023-09-22,SYN_E,63.2907,63.3296,63.2120,63.2129,1262697,63.2129
2023-09-25,SYN_E,63.2202,63.3695,62.2267,62.4541,2108510,62.4541
2023-09-26,SYN_E,62.2439,63.6392,61.5577,63.1330,1614105,63.1330
2023-09-27,SYN_E,63.2557,63.8594,63.0047,63.5567,1046408,63.5567
2023-09-28,SYN_E,63.3269,65.4818,62.7706,64.4394,1110412,64.4394
2023-09-29,SYN_E,64.2396,64.2474,63.8865,63.9619,1466101,63.9619
2023-10-02,SYN_E,64.2482,64.4233,63.3652,63.5937,2148811,63.5937
2023-10-03,SYN_E,63.5701,63.5944,61.3061,61.4515,2586193,61.4515
2023-10-04,SYN_E,61.5920,61.8660,61.4745,61.6949,2679901,61.6949
2023-10-05,SYN_E,61.4846,61.5886,60.4879,60.6138,1137364,60.6138
2023-10-06,SYN_E,60.6900,60.7156,60.0104,60.0670,1666689,60.0670
2023-10-09,SYN_E,60.0109,60.3130,59.4852,60.1428,887728,60.1428
2023-10-10,SYN_E,59.7690,60.5672,59.7667,60.5645,1395217,60.5645
2023-10-11,SYN_E,60.9636,61.9552,60.9158,61.8089,1287354,61.8089
2023-10-12,SYN_E,61.9677,63.2256,61.0893,62.4257,700827,62.4257
2023-10-13,SYN_E,62.3602,62.3822,62.0046,62.1225,1234265,62.1225
2023-10-16,SYN_E,62.2357,62.8111,61.0742,61.8048,806317,61.8048
2023-10-17,SYN_E,61.8173,62.9815,61.5507,61.9388,1482942,61.9388
2023-10-18,SYN_E,61.9352,62.2876,61.8863,62.1761,1002664,62.1761
2023-10-19,SYN_E,62.0643,62.1990,60.5550,61.9704,1347632,61.9704
2023-10-20,SYN_E,61.9936,62.0185,61.5840,61.7129,1198591,61.7129
2023-10-23,SYN_E,61.5827,62.7185,60.3554,61.4923,1455278,61.4923
2023-10-24,SYN_E,61.6501,63.6297,61.2815,63.4018,1204033,63.4018
2023-10-25,SYN_E,63.1218,63.4758,61.4271,61.4732,892168,61.4732
2023-10-26,SYN_E,61.1390,62.0866,60.9368,61.9775,1061537,61.9775
2023-10-27,SYN_E,62.2869,65.8902,61.0144,64.6279,953345,64.6279
2023-10-30,SYN_E,64.7045,64.7134,63.6200,63.6416,1456962,63.6416
2023-10-31,SYN_E,63.8184,63.9039,63.0944,63.2058,1417242,63.2058
2023-11-01,SYN_E,63.4192,63.7973,62.5017,63.7371,1291141,63.7371
2023-11-02,SYN_E,63.6714,64.1290,63.5153,63.7435,918495,63.7435
2023-11-03,SYN_E,63.5166,64.5687,63.2946,63.8410,2204152,63.8410
2023-11-06,SYN_E,63.9548,65.1267,63.8814,64.9969,1133308,64.9969
2023-11-07,SYN_E,65.0955,65.1568,64.9165,65.0162,1788554,65.0162
2023-11-08,SYN_E,64.9242,65.9296,64.2721,65.1533,1769157,65.1533
2023-11-09,SYN_E,65.0566,65.9176,63.1225,64.2362,1742434,64.2362
2023-11-10,SYN_E,64.2865,65.0031,64.0875,64.9136,1639134,64.9136
2023-11-13,SYN_E,64.9576,65.8453,64.6015,65.5383,671486,65.5383
2023-11-14,SYN_E,65.6526,65.8387,63.9751,64.1282,1450482,64.1282
2023-11-15,SYN_E,64.0450,65.4549,63.7574,65.3470,1237808,65.3470
2023-11-16,SYN_E,65.4891,66.8533,65.4152,66.5189,1481849,66.5189
2023-11-17,SYN_E,66.4800,66.9706,65.2562,65.6918,1462142,65.6918
2023-11-20,SYN_E,65.5194,65.8584,65.2601,65.6839,1103769,65.6839
2023-11-21,SYN_E,66.1311,66.5204,66.1237,66.5101,1796505,66.5101
2023-11-22,SYN_E,66.6258,67.2602,66.3463,66.7389,1440895,66.7389
2023-11-23,SYN_E,66.5873,67.6818,64.8917,67.1562,2697497,67.1562
2023-11-24,SYN_E,67.4896,68.2648,66.6736,68.2254,2431488,68.2254
2023-11-27,SYN_E,68.0906,69.1225,67.9919,69.0242,690652,69.0242
2023-11-28,SYN_E,68.7202,69.4109,68.3628,68.5844,1777495,68.5844
2023-11-29,SYN_E,68.7132,69.8081,67.7018,68.1160,1155965,68.1160
2023-11-30,SYN_E,68.2817,70.6629,67.6954,69.5859,995677,69.5859
2023-12-01,SYN_E,69.5046,70.0414,68.5703,68.5737,1455105,68.5737
2023-12-04,SYN_E,68.6278,71.0213,67.8377,69.8141,1895401,69.8141
2023-12-05,SYN_E,70.0890,70.1075,68.8407,68.8661,1125811,68.8661
2023-12-06,SYN_E,68.8783,70.0841,68.6041,69.7288,1053999,69.7288
2023-12-07,SYN_E,69.2337,69.3741,67.1487,67.8351,1211166,67.8351
2023-12-08,SYN_E,67.6594,67.7913,67.1131,67.1252,1295136,67.1252
2023-12-11,SYN_E,66.9633,67.6382,66.7826,67.2378,1274354,67.2378
2023-12-12,SYN_E,67.3683,67.9030,67.3164,67.7562,1466906,67.7562
2023-12-13,SYN_E,68.1107,68.5678,68.0401,68.4341,1427785,68.4341
2023-12-14,SYN_E,68.6486,68.6495,67.9170,67.9231,558430,67.9231
2023-12-15,SYN_E,67.9592,68.8346,67.7086,68.7843,1942784,68.7843
2023-12-18,SYN_E,68.5207,69.6976,67.7524,68.8286,975923,68.8286
2023-12-19,SYN_E,68.7421,69.5956,68.6514,69.1861,1539523,69.1861
2023-12-20,SYN_E,69.2088,70.0329,67.8692,68.2795,1620203,68.2795
2023-12-21,SYN_E,68.4578,69.9251,67.6378,69.0029,1279759,69.0029
2023-12-22,SYN_E,68.9556,70.3184,67.9877,68.6872,969300,68.6872
2023-12-25,SYN_E,68.6376,68.9178,68.6135,68.8818,794340,68.8818
2023-12-26,SYN_E,68.6167,68.7035,68.3040,68.3245,1434314,68.3245
2023-12-27,SYN_E,68.2282,68.2459,67.5371,67.6088,1120320,67.6088
2023-12-28,SYN_E,67.4468,67.9955,66.6941,66.7345,1257419,66.7345
2023-12-29,SYN_E,66.7451,68.0648,65.4078,65.9956,1370181,65.9956
